date,open,high,low,close
2014-03-27,568.0,568.0,552.92,558.46
2014-03-28,561.2,566.43,558.67,559.99
2014-03-31,566.89,567.0,556.93,556.97
2014-04-01,558.71,568.45,558.71,567.16
2014-04-02,565.106,604.83,562.19,567.0
2014-04-03,569.85,587.28,564.13,569.74
2014-04-04,574.65,577.77,543.0,543.14
2014-04-07,540.74,548.48,527.15,538.15
2014-04-08,542.6,555.0,541.61,554.9
2014-04-09,559.62,565.37,552.95,564.14
2014-04-10,565.0,565.0,539.9,540.95
2014-04-11,532.55,540.0,526.53,530.6
2014-04-14,538.25,544.1,529.561,532.52
2014-04-15,536.82,538.45,518.46,536.44
2014-04-16,543.0,557.0,540.0,556.54
2014-04-17,548.81,549.5,531.15,536.1
2014-04-21,536.1,536.7,525.6,528.62
2014-04-22,528.64,537.23,527.51,534.81
2014-04-23,533.79,533.87,526.25,526.94
2014-04-24,530.07,531.65,522.12,525.16
2014-04-25,522.51,524.7,515.42,516.18
2014-04-28,517.18,518.6,502.8,517.15
2014-04-29,516.9,529.46,516.32,527.7
2014-04-30,527.6,528.0,522.52,526.66
2014-05-01,527.11,532.93,523.88,531.35
2014-05-02,533.76,534.0,525.61,527.93
2014-05-05,524.82,528.9,521.32,527.81
2014-05-06,525.23,526.81,515.06,515.14
2014-05-07,515.79,516.68,503.3,509.96
2014-05-08,508.46,517.23,506.45,511.0
2014-05-09,510.75,519.9,504.2,518.73
2014-05-12,523.51,530.19,519.01,529.92
2014-05-13,530.89,536.07,529.51,533.09
2014-05-14,533.0,533.0,525.29,526.65
2014-05-15,525.7,525.87,517.42,519.98
2014-05-16,521.39,521.8,515.44,520.63
2014-05-19,519.7,529.78,517.583,528.86
2014-05-20,529.74,536.23,526.3,529.77
2014-05-21,532.9,539.183,531.91,538.94
2014-05-22,541.13,547.6,540.78,545.06
2014-05-23,547.26,553.64,543.7,552.7
2014-05-27,556.0,566.0,554.35,565.95
2014-05-28,564.57,567.84,561.0,561.68
2014-05-29,563.35,564.0,558.71,560.08
2014-05-30,560.8,561.35,555.91,559.89
2014-06-02,560.7,560.9,545.73,553.93
2014-06-03,550.99,552.34,542.55,544.94
2014-06-04,541.5,548.61,538.75,544.66
2014-06-05,546.4,554.95,544.45,553.9
2014-06-06,558.06,558.06,548.93,556.33
2014-06-09,557.15,562.9,556.04,562.12
2014-06-10,560.51,563.6,557.9,560.55
2014-06-11,558.0,559.88,555.02,558.84
2014-06-12,557.3,557.99,548.46,551.35
2014-06-13,552.26,552.3,545.56,551.76
2014-06-16,549.26,549.62,541.52,544.28
2014-06-17,544.2,545.32,539.33,543.01
2014-06-18,544.86,553.56,544.0,553.37
2014-06-19,554.24,555.0,548.51,554.9
2014-06-20,556.85,557.58,550.391,556.36
2014-06-23,555.15,565.0,554.25,564.95
2014-06-24,565.19,572.646,561.01,564.62
2014-06-25,565.26,579.96,565.22,578.65
2014-06-26,581.0,582.45,571.85,576.0
2014-06-27,577.18,579.87,573.8,577.24
2014-06-30,578.66,579.57,574.75,575.28
2014-07-01,578.32,584.4,576.65,582.67
2014-07-02,583.35,585.44,580.39,582.335
2014-07-03,583.35,585.01,580.92,584.73
2014-07-07,583.76,586.43,579.59,582.25
2014-07-08,577.66,579.528,566.135,571.09
2014-07-09,571.58,576.72,569.376,576.08
2014-07-10,565.91,576.59,565.01,571.1
2014-07-11,571.91,580.85,571.42,579.18
2014-07-14,582.6,585.21,578.03,584.87
2014-07-15,585.74,585.804,576.56,584.78
2014-07-16,588.0,588.4,582.2,582.66
2014-07-17,579.53,580.99,568.61,573.73
2014-07-18,593.0,596.8,582.0,595.08
2014-07-21,591.75,594.4,585.233,589.47
2014-07-22,590.72,599.65,590.6,594.74
2014-07-23,593.23,597.85,592.5,595.98
2014-07-24,596.45,599.5,591.77,593.35
2014-07-25,590.4,591.86,587.03,589.02
2014-07-28,588.07,592.5,584.753,590.6
2014-07-29,588.75,589.7,583.515,585.61
2014-07-30,586.55,589.5,584.0,587.42
2014-07-31,580.6,583.65,570.0,571.6
2014-08-01,570.4,575.96,562.85,566.07
2014-08-04,569.04,575.35,564.1,573.15
2014-08-05,570.05,571.98,562.61,565.07
2014-08-06,561.78,570.7,560.0,566.374
2014-08-07,568.0,569.89,561.1,563.36
2014-08-08,563.56,570.25,560.35,568.77
2014-08-11,569.99,570.49,566.0,567.88
2014-08-12,564.52,565.9,560.88,562.73
2014-08-13,567.31,575.0,565.75,574.78
2014-08-14,576.18,577.9,570.88,574.65
2014-08-15,577.86,579.38,570.52,573.48
2014-08-18,576.11,584.51,576.0,582.16
2014-08-19,585.0,587.34,584.0,586.86
2014-08-20,585.88,586.7,582.57,584.49
2014-08-21,583.82,584.5,581.14,583.37
2014-08-22,583.59,585.236,580.64,582.56
2014-08-25,584.72,585.0,579.0,580.2
2014-08-26,581.26,581.8,576.58,577.86
2014-08-27,577.27,578.49,570.103,571.0
2014-08-28,569.56,573.25,567.1,569.2
2014-08-29,571.33,572.04,567.069,571.6
2014-09-02,571.85,577.83,571.19,577.33
2014-09-03,580.0,582.99,575.0,577.94
2014-09-04,580.0,586.0,579.22,581.98
2014-09-05,583.98,586.55,581.95,586.08
2014-09-08,586.6,591.77,586.3,589.72
2014-09-09,588.9,589.0,580.0,581.01
2014-09-10,581.5,583.5,576.94,583.1
2014-09-11,580.36,581.81,576.26,581.35
2014-09-12,581.0,581.64,574.46,575.62
2014-09-15,572.94,574.95,568.21,573.1
2014-09-16,572.76,581.5,572.66,579.95
2014-09-17,580.01,587.52,578.775,584.77
2014-09-18,587.0,589.54,585.0,589.27
2014-09-19,591.5,596.48,589.5,596.08
2014-09-22,593.82,593.949,583.46,587.37
2014-09-23,586.85,586.85,581.0,581.13
2014-09-24,581.46,589.63,580.52,587.99
2014-09-25,587.55,587.98,574.18,575.06
2014-09-26,576.06,579.25,574.66,577.1
2014-09-29,571.75,578.19,571.17,576.36
2014-09-30,576.93,579.85,572.85,577.36
2014-10-01,576.01,577.58,567.01,568.27
2014-10-02,567.31,571.91,563.32,570.08
2014-10-03,573.05,577.225,572.5,575.28
2014-10-06,578.8,581.0,574.44,577.35
2014-10-07,574.4,575.27,563.74,563.74
2014-10-08,565.57,573.88,557.49,572.5
2014-10-09,571.18,571.49,559.06,560.88
2014-10-10,557.72,565.13,544.05,544.49
2014-10-13,544.99,549.5,533.1,533.21
2014-10-14,538.9,547.19,533.169,537.94
2014-10-15,531.01,532.8,518.3,530.03
2014-10-16,519.0,529.43,515.0,524.51
2014-10-17,527.25,530.98,508.53,511.17
2014-10-20,509.45,521.76,508.1,520.84
2014-10-21,525.19,526.79,519.11,526.54
2014-10-22,529.89,539.8,528.8,532.71
2014-10-23,539.32,547.22,535.85,543.98
2014-10-24,544.36,544.88,535.79,539.78
2014-10-27,537.03,544.41,537.03,540.77
2014-10-28,543.0,548.98,541.62,548.9
2014-10-29,550.0,554.19,546.98,549.33
2014-10-30,548.95,552.8,543.51,550.31
2014-10-31,559.35,559.57,554.75,559.08
2014-11-03,555.5,557.9,553.23,555.22
2014-11-04,553.0,555.5,549.3,554.11
2014-11-05,556.8,556.8,544.05,545.92
2014-11-06,545.5,546.885,540.97,542.04
2014-11-07,546.21,546.21,538.67,541.01
2014-11-10,541.46,549.59,541.02,547.49
2014-11-11,548.49,551.94,546.3,550.29
2014-11-12,550.39,550.46,545.17,547.31
2014-11-13,549.8,549.8,543.48,545.38
2014-11-14,546.68,546.68,542.15,544.4
2014-11-17,543.58,543.79,534.061,536.51
2014-11-18,537.5,541.94,534.17,535.03
2014-11-19,535.0,538.24,530.08,536.99
2014-11-20,531.25,535.11,531.08,534.83
2014-11-21,541.61,542.14,536.56,537.5
2014-11-24,537.65,542.7,535.62,539.27
2014-11-25,539.0,543.98,538.602,541.08
2014-11-26,540.88,541.55,537.042,540.37
2014-11-28,540.62,542.0,536.6,541.83
2014-12-01,538.9,541.41,531.86,533.8
2014-12-02,533.51,535.5,529.8,533.75
2014-12-03,531.44,535.996,529.26,531.32
2014-12-04,531.16,537.34,528.59,537.31
2014-12-05,531.0,532.89,524.28,525.26
2014-12-08,527.13,531.0,523.79,526.98
2014-12-09,522.14,534.19,520.5,533.37
2014-12-10,533.08,536.33,525.56,526.06
2014-12-11,527.8,533.92,527.1,528.34
2014-12-12,523.51,528.5,518.66,518.66
2014-12-15,522.74,523.1,513.27,513.8
2014-12-16,511.56,513.05,489.0,495.39
2014-12-17,497.0,507.0,496.81,504.89
2014-12-18,512.95,513.87,504.7,511.1
2014-12-19,511.51,517.72,506.911,516.35
2014-12-22,516.08,526.46,516.08,524.87
2014-12-23,527.0,534.56,526.29,530.59
2014-12-24,530.51,531.759,527.02,528.77
2014-12-26,528.77,534.25,527.31,534.03
2014-12-29,532.19,535.48,530.011,530.33
2014-12-30,528.09,531.15,527.13,530.42
2014-12-31,531.25,532.6,525.8,526.4
2015-01-02,529.01,531.27,524.1,524.81
2015-01-05,523.26,524.33,513.06,513.87
2015-01-06,515.0,516.175,501.05,501.96
2015-01-07,507.0,507.244,499.65,501.1
2015-01-08,497.99,503.48,491.0,502.68
2015-01-09,504.76,504.92,494.79,496.17
2015-01-12,494.94,495.976,487.56,492.55
2015-01-13,498.84,502.98,492.39,496.18
2015-01-14,494.65,503.23,493.0,500.87
2015-01-15,505.57,505.68,497.76,501.79
2015-01-16,500.01,508.19,500.0,508.08
2015-01-20,511.0,512.5,506.016,506.9
2015-01-21,507.25,519.28,506.2,518.04
2015-01-22,521.48,536.33,519.7,534.39
2015-01-23,535.59,542.17,533.0,539.95
2015-01-26,538.53,539.0,529.67,535.21
2015-01-27,529.97,530.7,518.19,518.63
2015-01-28,522.78,522.99,510.0,510.0
2015-01-29,511.0,511.09,501.2,510.66
2015-01-30,515.86,539.87,515.52,534.52
2015-02-02,531.73,533.0,518.55,528.48
2015-02-03,528.0,533.4,523.26,529.24
2015-02-04,529.24,532.672,521.27,522.76
2015-02-05,523.79,528.5,522.09,527.58
2015-02-06,527.64,537.2,526.41,531.0
2015-02-09,528.0,532.0,526.02,527.83
2015-02-10,529.3,537.7,526.92,536.94
2015-02-11,535.3,538.45,533.378,535.97
2015-02-12,537.25,544.82,534.673,542.93
2015-02-13,543.35,549.91,543.13,549.01
2015-02-17,546.83,550.0,541.09,542.84
2015-02-18,541.4,545.49,537.51,539.7
2015-02-19,538.04,543.11,538.01,542.87
2015-02-20,543.13,543.75,535.8,538.95
2015-02-23,536.05,536.439,529.41,531.91
2015-02-24,530.0,536.79,528.25,536.09
2015-02-25,535.9,546.22,535.445,543.87
2015-02-26,543.21,556.14,541.5,555.48
2015-02-27,554.24,564.71,552.9,558.4
2015-03-02,560.53,572.15,558.75,571.34
2015-03-03,570.45,575.39,566.52,573.64
2015-03-04,571.87,577.11,568.01,573.37
2015-03-05,575.02,577.91,573.41,575.33
2015-03-06,574.88,576.68,566.76,567.685
2015-03-09,566.86,570.27,563.535,568.85
2015-03-10,564.25,564.85,554.73,555.01
2015-03-11,555.14,558.14,550.68,551.18
2015-03-12,553.51,556.37,550.46,555.51
2015-03-13,553.5,558.4,544.22,547.32
2015-03-16,550.95,556.85,546.0,554.51
2015-03-17,551.71,553.8,548.0,550.84
2015-03-18,552.5,559.78,547.0,559.5
2015-03-19,559.39,560.8,556.145,557.99
2015-03-20,561.65,561.72,559.05,560.36
2015-03-23,560.43,562.36,555.83,558.81
2015-03-24,562.56,574.59,561.21,570.19
2015-03-25,570.5,572.26,558.74,558.785
2015-03-26,557.59,558.9,550.65,555.17
2015-03-27,553.0,555.28,548.13,548.34
2015-03-30,551.62,553.47,548.17,552.03
2015-03-31,550.0,554.71,546.72,548.0
2015-04-01,548.6,551.14,539.5,542.56
2015-04-02,540.85,540.85,533.847,535.53
2015-04-06,532.22,538.41,529.57,536.765
2015-04-07,538.08,542.69,536.0,537.02
2015-04-08,538.38,543.85,538.38,541.61
2015-04-09,541.03,541.95,535.49,540.78
2015-04-10,542.29,542.29,537.31,540.01
2015-04-13,538.41,544.06,537.31,539.17
2015-04-14,536.25,537.57,528.092,530.39
2015-04-15,528.7,534.73,523.22,532.53
2015-04-16,529.9,535.59,529.61,533.8
2015-04-17,528.66,529.84,521.01,524.05
2015-04-20,525.6,536.09,524.5,535.38
2015-04-21,537.51,539.39,533.675,533.97
2015-04-22,534.4,541.08,531.75,539.365
2015-04-23,541.0,550.96,540.23,547.0
2015-04-24,566.1,571.14,557.25,565.06
2015-04-27,563.39,565.95,553.2,555.37
2015-04-28,554.64,556.02,550.366,553.68
2015-04-29,550.47,553.68,546.905,549.08
2015-04-30,547.87,548.59,535.05,537.34
2015-05-01,538.43,539.54,532.1,537.9
2015-05-04,538.53,544.07,535.06,540.78
2015-05-05,538.21,539.74,530.391,530.8
2015-05-06,531.24,532.38,521.085,524.22
2015-05-07,523.99,533.46,521.75,530.7
2015-05-08,536.65,541.15,536.0,538.22
2015-05-11,538.37,541.98,535.4,535.7
2015-05-12,531.6,533.209,525.26,529.04
2015-05-13,530.56,534.322,528.655,529.62
2015-05-14,533.77,539.0,532.41,538.4
2015-05-15,539.18,539.274,530.38,533.85
2015-05-18,532.01,534.82,528.85,532.3
2015-05-19,533.98,540.66,533.04,537.36
2015-05-20,538.49,542.92,532.972,539.27
2015-05-21,537.95,543.84,535.98,542.51
2015-05-22,540.15,544.19,539.51,540.11
2015-05-26,538.12,539.0,529.88,532.32
2015-05-27,532.8,540.55,531.71,539.79
2015-05-28,538.01,540.61,536.25,539.78
2015-05-29,537.37,538.63,531.45,532.11
2015-06-01,536.79,536.79,529.76,533.99
2015-06-02,532.93,543.0,531.33,539.18
2015-06-03,539.91,543.5,537.11,540.31
2015-06-04,537.76,540.59,534.32,536.7
2015-06-05,536.35,537.2,532.52,533.33
2015-06-08,533.31,534.12,526.24,526.83
2015-06-09,527.56,529.2,523.01,526.69
2015-06-10,529.36,538.36,529.35,536.69
2015-06-11,538.425,538.98,533.02,534.61
2015-06-12,531.6,533.12,530.16,532.33
2015-06-15,528.0,528.3,524.0,527.2
2015-06-16,528.4,529.64,525.56,528.15
2015-06-17,529.37,530.98,525.1,529.26
2015-06-18,531.0,538.15,530.79,536.73
2015-06-19,537.21,538.25,533.01,536.69
2015-06-22,539.59,543.74,537.53,538.19
2015-06-23,539.64,541.499,535.25,540.48
2015-06-24,540.0,540.0,535.66,537.84
2015-06-25,538.87,540.9,535.23,535.23
2015-06-26,537.26,537.76,531.35,531.69
2015-06-29,525.01,528.61,520.54,521.52
2015-06-30,526.02,526.25,520.5,520.51
2015-07-01,524.73,525.69,518.231,521.84
2015-07-02,521.08,524.65,521.08,523.4
2015-07-06,519.5,525.25,519.0,522.86
2015-07-07,523.13,526.18,515.18,525.02
2015-07-08,521.05,522.734,516.11,516.83
2015-07-09,523.12,523.77,520.35,520.68
2015-07-10,526.29,532.56,525.55,530.13
2015-07-13,532.88,547.11,532.4,546.55
2015-07-14,546.76,565.849,546.71,561.1
2015-07-15,560.13,566.503,556.79,560.22
2015-07-16,565.12,580.68,565.0,579.85
2015-07-17,649.0,674.468,645.0,672.93
2015-07-20,659.24,668.88,653.01,663.02
2015-07-21,655.21,673.0,654.3,662.3
2015-07-22,660.89,678.64,659.0,662.1
2015-07-23,661.27,663.63,641.0,644.28
2015-07-24,647.0,648.17,622.52,623.56
2015-07-27,621.0,634.3,620.5,627.26
2015-07-28,632.83,632.83,623.31,628.0
2015-07-29,628.8,633.36,622.65,631.93
2015-07-30,630.0,635.22,622.05,632.59
2015-07-31,631.38,632.91,625.5,625.61
2015-08-03,625.34,633.056,625.34,631.21
2015-08-04,628.42,634.81,627.16,629.25
2015-08-05,634.33,647.86,633.16,643.78
2015-08-06,645.0,645.379,632.25,642.68
2015-08-07,640.23,642.68,629.71,635.3
2015-08-10,639.48,643.44,631.249,633.73
2015-08-11,669.2,674.9,654.27,660.78
2015-08-12,663.08,665.0,652.29,659.56
2015-08-13,659.322,664.5,651.661,656.45
2015-08-14,655.01,659.855,652.66,657.12
2015-08-17,656.8,661.38,651.24,660.87
2015-08-18,661.9,664.0,653.46,656.13
2015-08-19,656.6,667.0,654.19,660.9
2015-08-20,655.46,662.99,642.9,646.83
2015-08-21,639.78,640.05,612.33,612.48
2015-08-24,573.0,614.0,565.05,589.61
2015-08-25,614.91,617.45,581.11,582.06
2015-08-26,610.35,631.71,599.05,628.62
2015-08-27,639.4,643.59,622.0,637.61
2015-08-28,632.82,636.88,624.56,630.38
2015-08-31,627.54,635.8,617.68,618.25
2015-09-01,602.36,612.86,594.1,597.79
2015-09-02,605.68,614.34,599.71,614.34
2015-09-03,617.0,619.71,602.821,606.25
2015-09-04,600.0,603.47,595.25,600.7
2015-09-08,612.49,616.31,604.12,614.66
2015-09-09,621.22,626.52,609.6,612.72
2015-09-10,613.1,624.16,611.43,621.35
2015-09-11,619.75,625.78,617.42,625.77
2015-09-14,625.7,625.86,619.43,623.24
2015-09-15,626.7,638.7,623.78,635.14
2015-09-16,635.47,637.95,632.32,635.98
2015-09-17,637.79,650.9,635.02,642.9
2015-09-18,636.79,640.0,627.02,629.25
2015-09-21,634.4,636.49,625.94,635.44
2015-09-22,627.0,627.55,615.43,622.69
2015-09-23,622.05,628.93,620.0,622.36
2015-09-24,616.64,627.32,612.4,625.8
2015-09-25,629.77,629.77,611.0,611.97
2015-09-28,610.34,614.605,589.38,594.89
2015-09-29,597.28,605.0,590.22,594.97
2015-09-30,603.28,608.76,600.73,608.42
2015-10-01,608.37,612.09,599.85,611.29
2015-10-02,607.2,627.34,603.13,626.91
2015-10-05,632.0,643.01,627.0,641.47
2015-10-06,638.84,649.25,636.529,645.44
2015-10-07,649.24,650.609,632.15,642.36
2015-10-08,641.36,644.45,625.56,639.16
2015-10-09,640.0,645.99,635.318,643.61
2015-10-12,642.09,648.5,639.01,646.67
2015-10-13,643.15,657.812,643.15,652.3
2015-10-14,653.21,659.39,648.85,651.16
2015-10-15,654.66,663.13,654.46,661.74
2015-10-16,664.11,664.97,657.2,662.2
2015-10-19,661.18,666.82,659.58,666.1
2015-10-20,664.04,664.72,644.195,650.28
2015-10-21,654.15,655.87,641.73,642.61
2015-10-22,646.7,657.8,644.01,651.79
2015-10-23,727.5,730.0,701.5,702.0
2015-10-26,701.55,719.15,701.26,712.78
2015-10-27,707.38,713.62,704.55,708.49
2015-10-28,707.33,712.98,703.08,712.95
2015-10-29,710.5,718.26,710.01,716.92
2015-10-30,715.73,718.0,710.05,710.81
2015-11-02,711.06,721.62,705.85,721.11
2015-11-03,718.86,724.65,714.72,722.16
2015-11-04,722.0,733.1,721.9,728.11
2015-11-05,729.47,739.48,729.47,731.25
2015-11-06,731.5,735.41,727.01,733.76
2015-11-09,730.2,734.71,719.43,724.89
2015-11-10,724.4,730.59,718.5,728.32
2015-11-11,732.46,741.0,730.23,735.4
2015-11-12,731.0,737.8,728.645,731.23
2015-11-13,729.17,731.15,716.73,717.0
2015-11-16,715.6,729.49,711.33,728.96
2015-11-17,729.29,731.845,723.027,725.3
2015-11-18,727.58,741.41,727.0,740.0
2015-11-19,738.74,742.0,737.43,738.41
2015-11-20,746.53,757.92,743.0,756.6
2015-11-23,757.45,762.707,751.82,755.98
2015-11-24,752.0,755.279,737.63,748.28
2015-11-25,748.14,752.0,746.06,748.15
2015-11-27,748.46,753.41,747.49,750.26
2015-11-30,748.81,754.93,741.27,742.6
2015-12-01,747.11,768.95,746.7,767.04
2015-12-02,768.9,775.955,758.96,762.38
2015-12-03,766.01,768.995,745.63,752.54
2015-12-04,753.1,768.49,750.0,766.81
2015-12-07,767.77,768.73,755.09,763.25
2015-12-08,757.89,764.8,754.2,762.37
2015-12-09,759.17,764.23,737.001,751.61
2015-12-10,752.85,755.85,743.83,749.46
2015-12-11,741.16,745.71,736.75,738.87
2015-12-14,741.79,748.73,724.17,747.77
2015-12-15,753.0,758.08,743.01,743.4
2015-12-16,750.0,760.59,739.435,758.09
2015-12-17,762.42,762.68,749.0,749.43
2015-12-18,746.51,754.13,738.15,739.31
2015-12-21,746.13,750.0,740.0,747.77
2015-12-22,751.65,754.85,745.53,750.0
2015-12-23,753.47,754.21,744.0,750.31
2015-12-24,749.55,751.35,746.62,748.4
2015-12-28,752.92,762.99,749.52,762.51
2015-12-29,766.69,779.98,766.43,776.6
2015-12-30,776.6,777.6,766.9,771.0
2015-12-31,769.5,769.5,758.34,758.88
2016-01-04,743.0,744.06,731.258,741.84
2016-01-05,746.45,752.0,738.64,742.58
2016-01-06,730.0,747.18,728.92,743.62
2016-01-07,730.31,738.5,719.06,726.39
2016-01-08,731.45,733.23,713.0,714.47
2016-01-11,716.61,718.855,703.54,716.03
2016-01-12,721.68,728.75,717.317,726.07
2016-01-13,730.85,734.74,698.61,700.56
2016-01-14,705.38,721.925,689.1,714.72
2016-01-15,692.29,706.74,685.37,694.45
2016-01-19,703.3,709.98,693.41,701.79
2016-01-20,688.61,706.85,673.26,698.45
2016-01-21,702.18,719.19,694.46,706.59
2016-01-22,723.6,728.13,720.121,725.25
2016-01-25,723.58,729.68,710.01,711.67
2016-01-26,713.85,718.28,706.48,713.04
2016-01-27,713.67,718.235,694.39,699.99
2016-01-28,722.22,733.69,712.35,730.96
2016-01-29,731.53,744.99,726.8,742.95
2016-02-01,750.46,757.86,743.27,752.0
2016-02-02,784.5,789.87,764.65,764.65
2016-02-03,770.22,774.5,720.5,726.95
2016-02-04,722.81,727.0,701.86,708.01
2016-02-05,703.87,703.99,680.15,683.57
2016-02-08,667.85,684.03,663.06,682.74
2016-02-09,672.32,699.9,668.77,678.11
2016-02-10,686.86,701.31,682.13,684.12
2016-02-11,675.0,689.35,668.867,683.11
2016-02-12,690.26,693.75,678.6,682.4
2016-02-16,692.98,698.0,685.05,691.0
2016-02-17,699.0,709.75,691.38,708.4
2016-02-18,710.0,712.35,696.03,697.35
2016-02-19,695.03,703.081,694.05,700.91
2016-02-22,707.45,713.24,702.51,706.46
2016-02-23,701.45,708.4,693.58,695.85
2016-02-24,688.92,700.0,680.78,699.56
2016-02-25,700.01,705.98,690.585,705.75
2016-02-26,708.58,713.43,700.86,705.07
2016-02-29,700.32,710.89,697.68,697.77
2016-03-01,703.62,718.81,699.77,718.81
2016-03-02,719.0,720.0,712.0,718.85
2016-03-03,718.68,719.45,706.02,712.42
2016-03-04,714.99,716.49,706.02,710.89
2016-03-07,706.9,708.091,686.9,695.16
2016-03-08,688.59,703.79,685.34,693.97
2016-03-09,698.47,705.68,694.0,705.24
2016-03-10,708.12,716.44,703.36,712.82
2016-03-11,720.0,726.92,717.125,726.82
2016-03-14,726.81,735.5,725.15,730.49
2016-03-15,726.92,732.29,724.77,728.33
2016-03-16,726.37,737.47,724.51,736.09
2016-03-17,736.45,743.07,736.0,737.78
2016-03-18,741.86,742.0,731.83,737.6
2016-03-21,736.5,742.5,733.516,742.09
2016-03-22,737.46,745.0,737.46,740.75
2016-03-23,742.36,745.72,736.15,738.06
2016-03-24,732.01,737.747,731.0,735.3
2016-03-28,736.79,738.99,732.5,733.53
2016-03-29,734.59,747.25,728.76,744.77
2016-03-30,750.1,757.88,748.74,750.53
2016-03-31,749.25,750.85,740.94,744.95
2016-04-01,738.6,750.34,737.0,749.91
2016-04-04,750.06,752.8,742.43,745.29
2016-04-05,738.0,742.8,735.37,737.8
2016-04-06,735.77,746.24,735.56,745.69
2016-04-07,745.37,747.0,736.28,740.28
2016-04-08,743.97,745.45,735.55,739.15
2016-04-11,743.02,745.0,736.05,736.1
2016-04-12,738.0,743.83,731.01,743.09
2016-04-13,749.16,754.38,744.261,751.72
2016-04-14,754.01,757.31,752.705,753.2
2016-04-15,753.98,761.0,752.694,759.0
2016-04-18,760.46,768.05,757.3,766.61
2016-04-19,769.51,769.9,749.33,753.93
2016-04-20,758.0,758.131,750.01,752.67
2016-04-21,755.38,760.45,749.55,759.14
2016-04-22,726.3,736.12,713.61,718.77
2016-04-25,716.1,723.93,715.59,723.15
2016-04-26,725.42,725.766,703.026,708.14
2016-04-27,707.29,708.98,692.365,705.84
2016-04-28,708.26,714.17,689.55,691.02
2016-04-29,690.7,697.62,689.0,693.01
2016-05-02,697.63,700.64,691.0,698.21
2016-05-03,696.87,697.84,692.0,692.36
2016-05-04,690.49,699.75,689.01,695.7
2016-05-05,697.7,702.32,695.72,701.43
2016-05-06,698.38,711.86,698.107,711.12
2016-05-09,712.0,718.71,710.0,712.9
2016-05-10,716.75,723.5,715.72,723.18
2016-05-11,723.41,724.48,712.8,715.29
2016-05-12,717.06,719.25,709.0,713.31
2016-05-13,711.93,716.662,709.26,710.83
2016-05-16,709.13,718.48,705.65,716.49
2016-05-17,715.99,721.52,704.11,706.23
2016-05-18,703.67,711.6,700.63,706.63
2016-05-19,702.36,706.0,696.8,700.32
2016-05-20,701.62,714.58,700.52,709.74
2016-05-23,706.53,711.478,704.18,704.24
2016-05-24,706.86,720.97,706.86,720.09
2016-05-25,720.76,727.51,719.705,725.27
2016-05-26,722.87,728.33,720.28,724.12
2016-05-27,724.01,733.936,724.0,732.66
2016-05-31,731.74,739.73,731.26,735.72
2016-06-01,734.53,737.21,730.66,734.15
2016-06-02,732.5,733.02,724.17,730.4
2016-06-03,729.27,729.49,720.56,722.34
2016-06-06,724.91,724.91,714.61,716.55
2016-06-07,719.84,721.98,716.55,716.65
2016-06-08,723.96,728.57,720.58,728.28
2016-06-09,722.87,729.54,722.336,728.58
2016-06-10,719.47,725.89,716.43,719.41
2016-06-13,716.51,725.44,716.51,718.36
2016-06-14,716.48,722.47,713.12,718.27
2016-06-15,719.0,722.98,717.31,718.92
2016-06-16,714.91,716.65,703.26,710.36
2016-06-17,708.65,708.82,688.452,691.72
2016-06-20,698.77,702.48,693.41,693.71
2016-06-21,698.4,702.77,692.01,695.94
2016-06-22,699.06,700.86,693.082,697.46
2016-06-23,697.45,701.95,687.0,701.87
2016-06-24,675.17,689.4,673.45,675.22
2016-06-27,671.0,672.3,663.284,668.26
2016-06-28,678.97,680.33,673.0,680.04
2016-06-29,683.0,687.429,681.41,684.11
2016-06-30,685.47,692.32,683.65,692.1
2016-07-01,692.2,700.65,692.13,699.21
2016-07-05,696.06,696.94,688.88,694.49
2016-07-06,689.98,701.68,689.09,697.77
2016-07-07,698.08,698.2,688.215,695.36
2016-07-08,699.5,705.71,696.435,705.63
2016-07-11,708.05,716.51,707.24,715.09
2016-07-12,719.12,722.94,715.91,720.64
2016-07-13,723.62,724.0,716.85,716.98
2016-07-14,721.58,722.21,718.03,720.95
2016-07-15,725.73,725.74,719.055,719.85
2016-07-18,722.71,736.13,721.19,733.78
2016-07-19,729.89,736.99,729.0,736.96
2016-07-20,737.33,742.13,737.1,741.19
2016-07-21,740.36,741.69,735.831,738.63
2016-07-22,741.86,743.24,736.56,742.74
2016-07-25,740.67,742.61,737.5,739.77
2016-07-26,739.04,741.69,734.27,738.42
2016-07-27,738.28,744.46,737.0,741.77
2016-07-28,747.04,748.65,739.3,745.91
2016-07-29,772.71,778.55,766.77,768.79
2016-08-01,761.09,780.43,761.09,772.88
2016-08-02,768.69,775.84,767.85,771.07
2016-08-03,767.18,773.21,766.82,773.18
2016-08-04,772.22,774.07,768.795,771.61
2016-08-05,773.78,783.04,772.34,782.22
2016-08-08,782.0,782.63,778.091,781.76
2016-08-09,781.1,788.94,780.57,784.26
2016-08-10,783.75,786.812,782.778,784.68
2016-08-11,785.0,789.75,782.97,784.85
2016-08-12,781.5,783.395,780.4,783.22
2016-08-15,783.75,787.49,780.11,782.44
2016-08-16,780.3,780.98,773.444,777.14
2016-08-17,777.32,780.81,773.53,779.91
2016-08-18,780.01,782.86,777.0,777.5
2016-08-19,775.0,777.1,773.13,775.42
2016-08-22,773.27,774.54,770.05,772.15
2016-08-23,775.48,776.44,771.785,772.08
2016-08-24,770.58,774.5,767.07,769.64
2016-08-25,767.0,771.89,763.185,769.41
2016-08-26,769.0,776.08,765.85,769.54
2016-08-29,768.74,774.99,766.615,772.15
2016-08-30,769.33,774.466,766.84,769.09
2016-08-31,767.01,769.09,765.38,767.05
2016-09-01,769.25,771.02,764.3,768.78
2016-09-02,773.01,773.92,768.41,771.46
2016-09-06,773.45,782.0,771.0,780.08
2016-09-07,780.0,782.73,776.2,780.35
2016-09-08,778.59,780.35,773.58,775.32
2016-09-09,770.1,773.245,759.66,759.66
2016-09-12,755.13,770.29,754.0,769.02
2016-09-13,764.48,766.22,755.8,759.69
2016-09-14,759.61,767.68,759.11,762.49
2016-09-15,762.89,773.8,759.96,771.76
2016-09-16,769.75,769.75,764.66,768.88
2016-09-19,772.42,774.0,764.441,765.7
2016-09-20,769.0,773.33,768.53,771.41
2016-09-21,772.66,777.16,768.301,776.22
2016-09-22,780.0,789.85,778.44,787.21
2016-09-23,786.59,788.93,784.15,786.9
2016-09-26,782.74,782.74,773.07,774.21
2016-09-27,775.5,785.99,774.308,783.01
2016-09-28,777.85,781.81,774.97,781.56
2016-09-29,781.44,785.8,774.232,775.01
2016-09-30,776.33,780.94,774.09,777.29
2016-10-03,774.25,776.065,769.5,772.56
2016-10-04,776.03,778.71,772.89,776.43
2016-10-05,779.31,782.07,775.65,776.47
2016-10-06,779.0,780.48,775.54,776.86
2016-10-07,779.66,779.66,770.75,775.08
2016-10-10,777.71,789.38,775.87,785.94
2016-10-11,786.66,792.28,780.58,783.07
2016-10-12,783.76,788.13,782.06,786.14
2016-10-13,781.22,781.22,773.0,778.19
2016-10-14,781.65,783.95,776.0,778.53
2016-10-17,779.8,785.85,777.5,779.96
2016-10-18,787.85,801.61,785.565,795.26
2016-10-19,798.86,804.63,797.635,801.56
2016-10-20,803.3,803.97,796.03,796.97
2016-10-21,795.0,799.5,794.0,799.37
2016-10-24,804.9,815.18,804.82,813.11
2016-10-25,816.68,816.68,805.14,807.67
2016-10-26,806.34,806.98,796.32,799.07
2016-10-27,801.0,803.49,791.5,795.35
2016-10-28,808.35,815.49,793.59,795.37
2016-10-31,795.47,796.86,784.0,784.54
2016-11-01,782.89,789.49,775.54,783.61
2016-11-02,778.2,781.65,763.45,768.7
2016-11-03,767.25,769.95,759.03,762.13
2016-11-04,750.66,770.36,750.561,762.02
2016-11-07,774.5,785.19,772.55,782.52
2016-11-08,783.4,795.633,780.19,790.51
2016-11-09,779.94,791.226,771.67,785.31
2016-11-10,791.17,791.17,752.18,762.56
2016-11-11,756.54,760.78,750.38,754.02
2016-11-14,755.6,757.85,727.54,736.08
2016-11-15,746.97,764.416,746.97,758.49
2016-11-16,755.2,766.36,750.51,764.48
2016-11-17,766.92,772.7,764.23,771.23
2016-11-18,771.37,775.0,760.0,760.54
2016-11-21,762.61,769.7,760.6,769.2
2016-11-22,772.63,776.96,767.0,768.27
2016-11-23,767.73,768.283,755.25,760.99
2016-11-25,764.26,765.0,760.52,761.68
2016-11-28,760.0,779.53,759.8,768.24
2016-11-29,771.53,778.5,768.24,770.84
2016-11-30,770.07,772.99,754.83,758.04
2016-12-01,757.44,759.85,737.024,747.92
2016-12-02,744.59,754.0,743.1,750.5
2016-12-05,757.71,763.9,752.9,762.52
2016-12-06,764.73,768.83,757.34,759.11
2016-12-07,761.0,771.36,755.8,771.19
2016-12-08,772.48,778.18,767.23,776.42
2016-12-09,780.0,789.43,779.021,789.29
2016-12-12,785.04,791.25,784.355,789.27
2016-12-13,793.9,804.38,793.34,796.1
2016-12-14,797.4,804.0,794.01,797.07
2016-12-15,797.34,803.0,792.92,797.85
2016-12-16,800.4,800.856,790.29,790.8
2016-12-19,790.22,797.66,786.27,794.2
2016-12-20,796.76,798.65,793.27,796.42
2016-12-21,795.84,796.676,787.1,794.56
2016-12-22,792.36,793.32,788.58,791.26
2016-12-23,790.9,792.74,787.28,789.91
2016-12-27,790.68,797.86,787.657,791.55
2016-12-28,793.7,794.23,783.2,785.05
2016-12-29,783.33,785.93,778.92,782.79
2016-12-30,782.75,782.78,770.41,771.82
2017-01-03,778.81,789.63,775.8,786.14
2017-01-04,788.36,791.34,783.16,786.9
2017-01-05,786.08,794.48,785.02,794.02
2017-01-06,795.26,807.9,792.204,806.15
2017-01-09,806.4,809.966,802.83,806.65
2017-01-10,807.86,809.13,803.51,804.79
2017-01-11,805.0,808.15,801.37,807.91
2017-01-12,807.14,807.39,799.17,806.36
2017-01-13,807.48,811.224,806.69,807.88
2017-01-17,807.08,807.14,800.37,804.61
2017-01-18,805.81,806.205,800.99,806.07
2017-01-19,805.12,809.48,801.8,802.175
2017-01-20,806.91,806.91,801.69,805.02
2017-01-23,807.25,820.87,803.74,819.31
2017-01-24,822.3,825.9,817.821,823.87
2017-01-25,829.62,835.77,825.06,835.67
2017-01-26,837.81,838.0,827.01,832.15
2017-01-27,834.71,841.95,820.44,823.31
2017-01-30,814.66,815.84,799.8,802.32
2017-01-31,796.86,801.25,790.52,796.79
2017-02-01,799.68,801.19,791.19,795.695
2017-02-02,793.8,802.7,792.0,798.53
2017-02-03,802.99,806.0,800.37,801.49
2017-02-06,799.7,801.67,795.25,801.34
2017-02-07,803.99,810.5,801.78,806.97
2017-02-08,807.0,811.84,803.19,808.38
2017-02-09,809.51,810.66,804.54,809.56
2017-02-10,811.7,815.25,809.78,813.67
2017-02-13,816.0,820.959,815.49,819.24
2017-02-14,819.0,823.0,816.0,820.45
2017-02-15,819.36,823.0,818.47,818.98
2017-02-16,819.93,824.4,818.98,824.16
2017-02-17,823.02,828.07,821.655,828.07
2017-02-21,828.66,833.45,828.35,831.66
2017-02-22,828.66,833.25,828.64,830.76
2017-02-23,830.12,832.46,822.88,831.33
2017-02-24,827.73,829.0,824.2,828.64
2017-02-27,824.55,830.5,824.0,829.28
2017-02-28,825.61,828.54,820.2,823.21
2017-03-01,828.85,836.255,827.26,835.24
2017-03-02,833.85,834.51,829.64,830.63
2017-03-03,830.56,831.36,825.751,829.08
2017-03-06,826.95,828.88,822.4,827.78
2017-03-07,827.4,833.41,826.52,831.91
2017-03-08,833.51,838.15,831.79,835.37
2017-03-09,836.0,842.0,834.21,838.68
2017-03-10,843.28,844.91,839.5,843.25
2017-03-13,844.0,848.685,843.25,845.54
2017-03-14,843.64,847.24,840.8,845.62
2017-03-15,847.59,848.63,840.77,847.2
2017-03-16,849.03,850.85,846.13,848.78
2017-03-17,851.61,853.4,847.11,852.12
2017-03-20,850.01,850.22,845.15,848.4
2017-03-21,851.4,853.5,829.02,830.46
2017-03-22,831.91,835.55,827.18,829.59
2017-03-23,821.0,822.57,812.257,817.58
2017-03-24,820.08,821.93,808.89,814.43
2017-03-27,806.95,821.63,803.37,819.51
2017-03-28,820.41,825.99,814.027,820.92
2017-03-29,825.0,832.765,822.38,831.41
2017-03-30,833.5,833.68,829.0,831.5
2017-03-31,828.97,831.64,827.39,829.56
2017-04-03,829.22,840.85,829.22,838.55
2017-04-04,831.36,835.18,829.036,834.57
2017-04-05,835.51,842.45,830.72,831.41
2017-04-06,832.4,836.39,826.46,827.88
2017-04-07,827.96,828.485,820.513,824.67
2017-04-10,825.39,829.35,823.77,824.73
2017-04-11,824.71,827.427,817.02,823.35
2017-04-12,821.93,826.66,821.02,824.32
2017-04-13,822.14,826.38,821.44,823.56
2017-04-17,825.01,837.75,824.47,837.17
2017-04-18,834.22,838.93,832.71,836.82
2017-04-19,839.79,842.22,836.29,838.21
2017-04-20,841.44,845.2,839.32,841.65
2017-04-21,842.88,843.88,840.6,843.19
2017-04-24,851.2,863.45,849.86,862.76
2017-04-25,865.0,875.0,862.81,872.3
2017-04-26,874.23,876.05,867.748,871.73
2017-04-27,873.6,875.4,870.38,874.25
2017-04-28,910.66,916.85,905.77,905.96
2017-05-01,901.94,915.68,901.45,912.57
2017-05-02,909.62,920.77,909.453,916.44
2017-05-03,914.86,928.1,912.543,927.04
2017-05-04,926.07,935.93,924.59,931.66
2017-05-05,933.54,934.9,925.2,927.13
2017-05-08,926.12,936.925,925.26,934.3
2017-05-09,936.95,937.5,929.53,932.17
2017-05-10,931.98,932.0,925.16,928.78
2017-05-11,925.32,932.53,923.03,930.6
2017-05-12,931.53,933.44,927.85,932.22
2017-05-15,932.95,938.25,929.34,937.08
2017-05-16,940.0,943.11,937.58,943.0
2017-05-17,935.67,939.332,918.14,919.62
2017-05-18,921.0,933.17,918.75,930.24
2017-05-19,931.47,937.755,931.0,934.01
2017-05-22,935.0,941.883,935.0,941.86
2017-05-23,947.92,951.467,942.575,948.82
2017-05-24,952.98,955.09,949.5,954.96
2017-05-25,957.33,972.629,955.47,969.54
2017-05-26,969.7,974.98,965.03,971.47
2017-05-30,970.31,976.2,969.49,975.88
2017-05-31,975.02,979.27,960.18,964.86
2017-06-01,968.95,971.5,960.01,966.95
2017-06-02,969.46,975.88,966.0,975.6
2017-06-05,976.55,986.91,975.1,983.68
2017-06-06,983.16,988.25,975.14,976.57
2017-06-07,979.65,984.15,975.77,981.08
2017-06-08,982.35,984.57,977.2,983.41
2017-06-09,984.5,984.5,935.63,949.83
2017-06-12,939.56,949.355,915.233,942.9
2017-06-13,951.91,959.98,944.09,953.4
2017-06-14,959.92,961.15,942.25,950.76
2017-06-15,933.97,943.339,924.44,942.31
2017-06-16,940.0,942.04,931.595,939.78
2017-06-19,949.96,959.99,949.05,957.37
2017-06-20,957.52,961.62,950.01,950.63
2017-06-21,953.64,960.1,950.76,959.45
2017-06-22,958.7,960.72,954.55,957.09
2017-06-23,956.83,966.0,954.2,965.59
2017-06-26,969.9,973.31,950.79,952.27
2017-06-27,942.46,948.29,926.85,927.33
2017-06-28,929.0,942.75,916.0,940.49
2017-06-29,929.92,931.26,910.62,917.79
2017-06-30,926.05,926.05,908.31,908.73
2017-07-03,912.18,913.94,894.79,898.7
2017-07-05,901.76,914.51,898.5,911.71
2017-07-06,904.12,914.944,899.7,906.69
2017-07-07,908.85,921.54,908.85,918.59
2017-07-10,921.77,930.38,919.59,928.8
2017-07-11,929.54,931.43,922.0,930.09
2017-07-12,938.68,946.3,934.47,943.83
2017-07-13,946.29,954.45,943.01,947.16
2017-07-14,952.0,956.91,948.005,955.99
2017-07-17,957.0,960.74,949.241,953.42
2017-07-18,953.0,968.04,950.6,965.4
2017-07-19,967.84,973.04,964.03,970.89
2017-07-20,975.0,975.9,961.51,968.15
2017-07-21,962.25,973.23,960.15,972.92
2017-07-24,972.22,986.2,970.77,980.34
2017-07-25,953.81,959.7,945.4,950.7
2017-07-26,954.68,955.0,942.279,947.8
2017-07-27,951.78,951.78,920.0,934.09
2017-07-28,929.4,943.83,927.5,941.53
2017-07-31,941.89,943.59,926.04,930.5
2017-08-01,932.38,937.447,929.26,930.83
2017-08-02,928.61,932.6,916.68,930.39
2017-08-03,930.34,932.24,922.24,923.65
2017-08-04,926.75,930.307,923.03,927.96
2017-08-07,929.06,931.7,926.5,929.36
2017-08-08,927.09,935.814,925.61,926.79
2017-08-09,920.61,925.98,917.25,922.9
2017-08-10,917.55,919.26,906.13,907.24
2017-08-11,907.97,917.78,905.58,914.39
2017-08-14,922.53,924.668,918.19,922.67
2017-08-15,924.23,926.55,919.82,922.22
2017-08-16,925.29,932.7,923.445,926.96
2017-08-17,925.78,926.86,910.98,910.98
2017-08-18,910.31,915.275,907.154,910.67
2017-08-21,910.0,913.0,903.4,906.66
2017-08-22,912.72,925.86,911.475,924.69
2017-08-23,921.93,929.93,919.36,927.0
2017-08-24,928.66,930.84,915.5,921.28
2017-08-25,923.49,925.555,915.5,915.89
2017-08-28,916.0,919.245,911.87,913.81
2017-08-29,905.1,923.33,905.0,921.29
2017-08-30,920.05,930.819,919.65,929.57
2017-08-31,931.76,941.98,931.76,939.33
2017-09-01,941.13,942.48,935.15,937.34
2017-09-05,933.08,937.0,921.96,928.45
2017-09-06,930.15,930.915,919.27,927.81
2017-09-07,931.73,936.41,923.62,935.95
2017-09-08,936.49,936.99,924.88,926.5
2017-09-11,934.25,938.38,926.92,929.08
2017-09-12,932.59,933.48,923.861,932.07
2017-09-13,930.66,937.25,929.86,935.09
2017-09-14,931.25,932.77,924.0,925.11
2017-09-15,924.66,926.49,916.36,920.29
2017-09-18,920.01,922.08,910.6,915.0
2017-09-19,917.42,922.42,912.55,921.81
2017-09-20,922.98,933.88,922.0,931.58
2017-09-21,933.0,936.53,923.83,932.45
2017-09-22,927.75,934.73,926.48,928.53
2017-09-25,925.45,926.4,909.7,920.97
2017-09-26,923.72,930.82,921.14,924.86
2017-09-27,927.74,949.9,927.74,944.49
2017-09-28,941.36,950.69,940.55,949.5
2017-09-29,952.0,959.786,951.51,959.11
2017-10-02,959.98,962.54,947.84,953.27
2017-10-03,954.0,958.0,949.14,957.79
2017-10-04,957.0,960.39,950.69,951.68
2017-10-05,955.49,970.91,955.18,969.96
2017-10-06,966.7,979.46,963.36,978.89
2017-10-09,980.0,985.425,976.11,977.0
2017-10-10,980.0,981.57,966.08,972.6
2017-10-11,973.72,990.71,972.25,989.25
2017-10-12,987.45,994.12,985.0,987.83
2017-10-13,992.0,997.21,989.0,989.68
2017-10-16,992.1,993.907,984.0,992.0
2017-10-17,990.29,996.44,988.59,992.18
2017-10-18,991.77,996.72,986.975,992.81
2017-10-19,986.0,988.88,978.39,984.45
2017-10-20,989.44,991.0,984.58,988.2
2017-10-23,989.52,989.52,966.12,968.45
2017-10-24,970.0,972.23,961.0,970.54
2017-10-25,968.37,976.09,960.52,973.33
2017-10-26,980.0,987.6,972.2,972.56
2017-10-27,1009.19,1048.39,1008.2,1019.27
2017-10-30,1014.0,1024.97,1007.5,1017.11
2017-10-31,1015.22,1024.0,1010.42,1016.64
2017-11-01,1017.21,1029.67,1016.95,1025.5
2017-11-02,1021.76,1028.09,1013.01,1025.58
2017-11-03,1022.11,1032.65,1020.31,1032.48
2017-11-06,1028.99,1034.87,1025.0,1025.9
2017-11-07,1027.27,1033.97,1025.13,1033.33
2017-11-08,1030.52,1043.52,1028.45,1039.85
2017-11-09,1033.99,1033.99,1019.67,1031.26
2017-11-10,1026.46,1030.76,1025.28,1028.07
2017-11-13,1023.42,1031.58,1022.57,1025.75
2017-11-14,1022.59,1026.81,1014.15,1026.0
2017-11-15,1019.21,1024.09,1015.42,1020.91
2017-11-16,1022.52,1035.92,1022.52,1032.5
2017-11-17,1034.01,1034.42,1017.75,1019.09
2017-11-20,1020.26,1022.61,1017.5,1018.38
2017-11-21,1023.31,1035.11,1022.66,1034.49
2017-11-22,1035.0,1039.71,1031.43,1035.96
2017-11-24,1035.87,1043.18,1035.0,1040.61
2017-11-27,1040.0,1055.46,1038.44,1054.21
2017-11-28,1055.09,1062.38,1040.0,1047.41
2017-11-29,1042.68,1044.08,1015.65,1021.66
2017-11-30,1022.37,1028.49,1015.0,1021.41
2017-12-01,1015.8,1022.49,1002.02,1010.17
2017-12-04,1012.66,1016.1,995.57,998.68
2017-12-05,995.94,1020.61,988.28,1005.15
2017-12-06,1001.5,1024.97,1001.14,1018.38
2017-12-07,1020.43,1034.24,1018.07,1030.93
2017-12-08,1037.49,1042.05,1032.52,1037.05
2017-12-11,1035.5,1043.8,1032.05,1041.1
2017-12-12,1039.63,1050.31,1033.69,1040.48
2017-12-13,1046.12,1046.66,1038.38,1040.61
2017-12-14,1045.0,1058.5,1043.11,1049.15
2017-12-15,1054.61,1067.62,1049.5,1064.19
2017-12-18,1066.08,1078.49,1062.0,1077.14
2017-12-19,1075.2,1076.84,1063.55,1070.68
2017-12-20,1071.78,1073.38,1061.52,1064.95
2017-12-21,1064.95,1069.33,1061.79,1063.63
2017-12-22,1061.11,1064.2,1059.44,1060.12
2017-12-26,1058.07,1060.12,1050.2,1056.74
2017-12-27,1057.39,1058.37,1048.05,1049.37
2017-12-28,1051.6,1054.75,1044.77,1048.14
2017-12-29,1046.72,1049.7,1044.9,1046.4
2018-01-02,1048.34,1066.94,1045.23,1065.0
2018-01-03,1064.31,1086.29,1063.21,1082.48
2018-01-04,1088.0,1093.57,1084.0,1086.4
2018-01-05,1094.0,1104.25,1092.0,1102.23
2018-01-08,1102.23,1111.27,1101.62,1106.94
2018-01-09,1109.4,1110.57,1101.23,1106.26
2018-01-10,1097.1,1104.6,1096.11,1102.61
2018-01-11,1106.3,1106.53,1099.59,1105.52
2018-01-12,1102.41,1124.29,1101.15,1122.26
2018-01-16,1132.51,1139.91,1117.83,1121.76
2018-01-17,1126.22,1132.6,1117.01,1131.98
2018-01-18,1131.41,1132.51,1117.5,1129.79
2018-01-19,1131.83,1137.86,1128.3,1137.51
2018-01-22,1137.49,1159.88,1135.11,1155.81
2018-01-23,1159.85,1171.63,1158.75,1169.97
2018-01-24,1177.33,1179.86,1161.05,1164.24
2018-01-25,1172.53,1175.94,1162.76,1170.37
2018-01-26,1175.08,1175.84,1158.11,1175.84
2018-01-29,1176.48,1186.89,1171.98,1175.58
2018-01-30,1167.83,1176.52,1163.52,1163.69
2018-01-31,1170.57,1173.0,1159.13,1169.94
2018-02-01,1162.61,1174.0,1157.52,1167.7
2018-02-02,1122.0,1123.07,1107.28,1111.9
2018-02-05,1090.6,1110.0,1052.03,1055.8
2018-02-06,1027.18,1081.71,1023.14,1080.6
2018-02-07,1081.54,1081.78,1048.26,1048.58
2018-02-08,1055.41,1058.62,1000.66,1001.52
2018-02-09,1017.25,1043.97,992.56,1037.78
2018-02-12,1048.0,1061.5,1040.93,1051.94
2018-02-13,1045.0,1058.37,1044.09,1052.1
2018-02-14,1048.95,1071.72,1046.75,1069.7
2018-02-15,1079.07,1091.48,1064.34,1089.52
2018-02-16,1088.41,1104.67,1088.31,1094.8
2018-02-20,1090.57,1113.95,1088.52,1102.46
2018-02-21,1106.47,1133.97,1106.33,1111.34
2018-02-22,1116.19,1122.82,1102.59,1106.63
2018-02-23,1112.64,1127.28,1104.71,1126.79
2018-02-26,1127.8,1143.96,1126.69,1143.75
2018-02-27,1141.24,1144.04,1118.0,1118.29
2018-02-28,1123.03,1127.53,1103.24,1104.73
2018-03-01,1107.87,1110.12,1067.0,1069.52
2018-03-02,1053.08,1082.0,1048.12,1078.92
2018-03-05,1075.14,1097.1,1069.0,1090.93
2018-03-06,1099.22,1101.85,1089.78,1095.06
2018-03-07,1089.19,1112.22,1085.48,1109.64
2018-03-08,1115.32,1127.6,1112.8,1126.0
2018-03-09,1136.0,1160.8,1132.46,1160.04
2018-03-12,1163.85,1177.05,1157.42,1164.5
2018-03-13,1170.0,1176.76,1133.33,1138.17
2018-03-14,1145.21,1158.59,1141.44,1149.49
2018-03-15,1149.96,1161.08,1134.54,1149.58
2018-03-16,1154.14,1155.88,1131.96,1135.73
2018-03-19,1120.01,1121.99,1089.01,1099.82
2018-03-20,1099.0,1105.2,1083.46,1097.71
2018-03-21,1092.74,1106.3,1085.15,1090.88
2018-03-22,1081.88,1082.9,1045.91,1049.08
2018-03-23,1047.03,1063.36,1021.22,1021.57
2018-03-26,1046.0,1055.63,1008.4,1053.21
2018-03-27,1063.0,1064.84,996.92,1005.1
2018-03-28,998.0,1024.23,980.64,1004.56
2018-03-29,1011.63,1043.0,1002.9,1031.79
2018-04-02,1022.82,1034.8,990.37,1006.47
2018-04-03,1013.91,1020.99,994.07,1013.41
2018-04-04,993.41,1028.72,993.0,1025.14
2018-04-05,1041.33,1042.79,1020.13,1027.81
2018-04-06,1020.0,1031.42,1003.03,1007.04
2018-04-09,1016.8,1039.6,1014.08,1015.45
2018-04-10,1026.44,1036.28,1011.34,1031.64
2018-04-11,1027.99,1031.36,1015.87,1019.97
2018-04-12,1025.04,1040.69,1021.43,1032.51
2018-04-13,1040.88,1046.42,1022.98,1029.27
2018-04-16,1037.0,1043.24,1026.74,1037.98
2018-04-17,1051.37,1077.88,1048.26,1074.16
2018-04-18,1077.43,1077.43,1066.22,1072.08
2018-04-19,1069.4,1094.16,1068.18,1087.7
2018-04-20,1082.0,1092.35,1069.57,1072.96
2018-04-23,1077.86,1082.72,1060.7,1067.45
2018-04-24,1052.0,1057.0,1010.59,1019.98
2018-04-25,1025.52,1032.49,1015.31,1021.18
2018-04-26,1029.51,1047.98,1018.19,1040.04
2018-04-27,1046.0,1049.5,1025.59,1030.05
2018-04-30,1030.01,1037.0,1016.85,1017.33
2018-05-01,1013.66,1038.47,1008.21,1037.31
2018-05-02,1028.1,1040.39,1022.87,1024.38
2018-05-03,1019.0,1029.67,1006.29,1023.72
2018-05-04,1016.9,1048.51,1016.9,1048.21
2018-05-07,1049.23,1061.68,1047.1,1054.79
2018-05-08,1058.54,1060.55,1047.14,1053.91
2018-05-09,1058.1,1085.44,1056.37,1082.76
2018-05-10,1086.03,1100.44,1085.64,1097.57
2018-05-11,1093.6,1101.33,1090.91,1098.26
2018-05-14,1100.0,1110.75,1099.11,1100.2
2018-05-15,1090.0,1090.05,1073.47,1079.23
2018-05-16,1077.31,1089.27,1076.26,1081.77
2018-05-17,1079.89,1086.87,1073.5,1078.59
2018-05-18,1061.86,1069.94,1060.68,1066.36
2018-05-21,1074.06,1088.0,1073.65,1079.58
2018-05-22,1083.56,1086.59,1066.69,1069.73
2018-05-23,1065.13,1080.78,1061.71,1079.69
2018-05-24,1079.0,1080.47,1066.15,1079.24
2018-05-25,1079.02,1082.56,1073.78,1075.66
2018-05-29,1064.89,1073.37,1055.22,1060.32
2018-05-30,1063.03,1069.21,1056.83,1067.8
2018-05-31,1067.56,1097.19,1067.56,1084.99
2018-06-01,1099.35,1120.0,1098.5,1119.5
2018-06-04,1122.33,1141.89,1122.01,1139.29
2018-06-05,1140.99,1145.74,1133.19,1139.66
2018-06-06,1142.17,1143.0,1125.74,1136.88
2018-06-07,1131.32,1135.82,1116.52,1123.86
2018-06-08,1118.18,1126.67,1112.15,1120.87
2018-06-11,1118.6,1137.26,1118.6,1129.99
2018-06-12,1131.07,1139.79,1130.73,1139.32
2018-06-13,1141.12,1146.5,1133.38,1134.79
2018-06-14,1143.85,1155.47,1140.64,1152.12
2018-06-15,1148.86,1153.42,1143.48,1152.26
2018-06-18,1143.65,1174.31,1143.59,1173.46
2018-06-19,1158.5,1171.27,1154.01,1168.06
2018-06-20,1175.31,1186.29,1169.16,1169.84
2018-06-21,1174.85,1177.3,1152.23,1157.66
2018-06-22,1159.14,1162.5,1147.26,1155.48
2018-06-25,1143.6,1143.91,1112.78,1124.81
2018-06-26,1128.0,1133.21,1116.66,1118.46
2018-06-27,1121.34,1131.84,1103.62,1103.98
2018-06-28,1102.09,1122.31,1096.01,1114.22
2018-06-29,1120.0,1128.23,1115.0,1115.65
2018-07-02,1099.0,1128.0,1093.8,1127.46
2018-07-03,1135.82,1135.82,1100.02,1102.89
2018-07-05,1110.53,1127.5,1108.48,1124.27
2018-07-06,1123.58,1140.93,1120.74,1140.17
2018-07-09,1148.48,1154.67,1143.42,1154.05
2018-07-10,1156.98,1159.59,1149.59,1152.84
2018-07-11,1144.59,1164.29,1141.0,1153.9
2018-07-12,1159.89,1184.41,1155.93,1183.48
2018-07-13,1185.0,1195.42,1180.0,1188.82
2018-07-16,1189.39,1191.0,1179.28,1183.86
2018-07-17,1172.22,1203.04,1170.6,1198.8
2018-07-18,1196.56,1204.5,1190.34,1195.88
2018-07-19,1191.0,1200.0,1183.32,1186.96
2018-07-20,1186.96,1196.86,1184.22,1184.91
2018-07-23,1181.01,1206.49,1181.0,1205.5
2018-07-24,1262.59,1266.0,1235.56,1248.08
2018-07-25,1239.13,1265.86,1239.13,1263.7
2018-07-26,1251.0,1269.77,1249.02,1268.33
2018-07-27,1271.0,1273.89,1231.0,1238.5
2018-07-30,1228.01,1234.92,1211.47,1219.74
2018-07-31,1220.01,1227.59,1205.6,1217.26
2018-08-01,1228.0,1233.47,1210.21,1220.01
2018-08-02,1205.9,1229.88,1204.79,1226.15
2018-08-03,1229.62,1230.0,1215.06,1223.71
2018-08-06,1225.0,1226.09,1215.8,1224.77
2018-08-07,1237.0,1251.17,1236.17,1242.22
2018-08-08,1240.47,1256.5,1238.01,1245.61
2018-08-09,1249.9,1255.54,1246.01,1249.1
2018-08-10,1243.0,1245.69,1232.0,1237.61
2018-08-13,1236.98,1249.27,1233.64,1235.01
2018-08-14,1235.19,1245.87,1225.11,1242.1
2018-08-15,1229.26,1235.24,1209.51,1214.38
2018-08-16,1224.73,1226.0,1202.55,1206.49
2018-08-17,1202.03,1209.02,1188.24,1200.96
2018-08-20,1205.02,1211.0,1194.63,1207.77
2018-08-21,1208.0,1217.26,1200.35,1201.62
2018-08-22,1200.0,1211.84,1199.0,1207.33
2018-08-23,1207.14,1221.28,1204.24,1205.38
2018-08-24,1208.82,1221.65,1206.36,1220.65
2018-08-27,1227.6,1243.09,1225.72,1241.82
2018-08-28,1241.29,1242.55,1228.69,1231.15
2018-08-29,1237.45,1250.66,1236.36,1249.3
2018-08-30,1244.23,1253.63,1232.59,1239.12
2018-08-31,1234.98,1238.66,1211.29,1218.19
2018-09-04,1204.27,1212.99,1192.5,1197.0
2018-09-05,1193.8,1199.01,1162.0,1186.48
2018-09-06,1186.3,1186.3,1152.0,1171.44
2018-09-07,1158.67,1175.26,1157.21,1164.83
2018-09-10,1172.19,1174.54,1160.11,1164.64
2018-09-11,1161.63,1178.68,1156.24,1177.36
2018-09-12,1172.72,1178.61,1158.36,1162.82
2018-09-13,1170.74,1178.61,1162.85,1175.33
2018-09-14,1179.1,1180.42,1168.33,1172.53
2018-09-17,1170.14,1177.24,1154.03,1156.05
2018-09-18,1157.09,1176.08,1157.09,1161.22
2018-09-19,1164.98,1173.21,1154.58,1171.09
2018-09-20,1179.99,1189.89,1173.36,1186.87
2018-09-21,1192.0,1192.21,1166.04,1166.09
2018-09-24,1157.17,1178.0,1146.91,1173.37
2018-09-25,1176.15,1186.88,1168.0,1184.65
2018-09-26,1185.15,1194.23,1174.77,1180.49
2018-09-27,1186.73,1202.1,1183.63,1194.64
2018-09-28,1191.87,1195.41,1184.5,1193.47
2018-10-01,1199.89,1209.9,1190.3,1195.31
2018-10-02,1190.96,1209.96,1186.63,1200.11
2018-10-03,1205.0,1206.41,1193.83,1202.95
2018-10-04,1195.33,1197.51,1155.58,1168.19
2018-10-05,1167.5,1173.5,1145.12,1157.35
2018-10-08,1150.11,1168.0,1127.36,1148.97
2018-10-09,1146.15,1154.35,1137.57,1138.82
2018-10-10,1131.08,1132.17,1081.13,1081.22
2018-10-11,1072.94,1106.4,1068.27,1079.32
2018-10-12,1108.0,1115.0,1086.4,1110.08
2018-10-15,1108.91,1113.45,1089.0,1092.25
2018-10-16,1104.59,1124.22,1102.5,1121.28
2018-10-17,1126.46,1128.99,1102.19,1115.69
2018-10-18,1121.84,1121.84,1077.09,1087.97
2018-10-19,1093.37,1110.36,1087.75,1096.46
2018-10-22,1103.06,1112.23,1091.0,1101.16
2018-10-23,1080.89,1107.89,1070.0,1103.69
2018-10-24,1104.25,1106.12,1048.74,1050.71
2018-10-25,1071.79,1110.98,1069.55,1095.57
2018-10-26,1037.03,1106.53,1034.09,1071.47
2018-10-29,1082.47,1097.04,995.83,1020.08
2018-10-30,1008.46,1037.49,1000.75,1036.21
2018-10-31,1059.81,1091.94,1057.0,1076.77
2018-11-01,1075.8,1083.97,1062.46,1070.0
2018-11-02,1073.73,1082.97,1054.61,1057.79
2018-11-05,1055.0,1058.47,1021.24,1040.09
2018-11-06,1039.48,1064.35,1038.07,1055.81
2018-11-07,1069.0,1095.46,1065.9,1093.39
2018-11-08,1091.38,1093.27,1072.2,1082.4
2018-11-09,1073.99,1075.56,1053.11,1066.15
2018-11-12,1061.39,1062.12,1031.0,1038.63
2018-11-13,1043.29,1056.61,1031.15,1036.05
2018-11-14,1050.0,1054.56,1031.0,1043.66
2018-11-15,1044.71,1071.85,1031.78,1064.71
2018-11-16,1059.41,1067.0,1048.98,1061.49
2018-11-19,1057.2,1060.79,1016.26,1020.0
2018-11-20,1000.0,1031.74,996.02,1025.76
2018-11-21,1036.76,1048.56,1033.47,1037.61
2018-11-23,1030.0,1037.59,1022.4,1023.88
2018-11-26,1038.35,1049.31,1033.91,1048.62
2018-11-27,1041.0,1057.58,1038.49,1044.41
2018-11-28,1048.76,1086.84,1035.76,1086.23
2018-11-29,1076.08,1094.24,1076.0,1088.3
2018-11-30,1089.07,1095.57,1077.88,1094.43
2018-12-03,1123.14,1124.65,1103.66,1106.43
2018-12-04,1103.12,1104.42,1049.98,1050.82
2018-12-06,1034.26,1071.2,1030.77,1068.73
2018-12-07,1060.01,1075.26,1028.5,1036.58
2018-12-10,1035.05,1048.45,1023.29,1039.55
2018-12-11,1056.49,1060.6,1039.84,1051.75
2018-12-12,1068.0,1081.65,1062.79,1063.68
2018-12-13,1068.07,1079.76,1053.93,1061.9
2018-12-14,1049.98,1062.6,1040.79,1042.1
2018-12-17,1037.51,1053.15,1007.9,1016.53
2018-12-18,1026.09,1049.48,1021.44,1028.71
2018-12-19,1033.99,1062.0,1008.05,1023.01
2018-12-20,1018.13,1034.22,996.36,1009.41
2018-12-21,1015.3,1024.02,973.69,979.54
2018-12-24,973.9,1003.54,970.11,976.22
2018-12-26,989.01,1040.0,983.0,1039.46
2018-12-27,1017.15,1043.89,997.0,1043.88
2018-12-28,1049.62,1055.56,1033.1,1037.08
2018-12-31,1050.96,1052.7,1023.59,1035.61
2019-01-02,1016.57,1052.32,1015.71,1045.85
2019-01-03,1041.0,1056.98,1014.07,1016.06
2019-01-04,1032.59,1070.84,1027.42,1070.71
2019-01-07,1071.5,1074.0,1054.76,1068.39
2019-01-08,1076.11,1084.56,1060.53,1076.28
2019-01-09,1081.65,1082.63,1066.4,1074.66
2019-01-10,1067.66,1071.15,1057.71,1070.33
2019-01-11,1063.18,1063.78,1048.48,1057.19
2019-01-14,1046.92,1051.53,1041.26,1044.69
2019-01-15,1050.17,1080.05,1047.34,1077.15
2019-01-16,1080.0,1092.38,1079.34,1080.97
2019-01-17,1079.47,1091.8,1073.5,1089.9
2019-01-18,1100.0,1108.35,1090.9,1098.26
2019-01-22,1088.0,1091.51,1063.47,1070.52
2019-01-23,1077.35,1084.93,1059.75,1075.57
2019-01-24,1076.48,1079.47,1060.7,1073.9
2019-01-25,1085.0,1094.0,1081.82,1090.99
2019-01-28,1080.11,1083.0,1063.8,1070.08
2019-01-29,1072.68,1075.15,1055.86,1060.62
2019-01-30,1068.43,1091.0,1066.85,1089.06
2019-01-31,1103.0,1117.33,1095.41,1116.37
2019-02-01,1112.4,1125.0,1104.89,1110.75
2019-02-04,1112.66,1132.8,1109.02,1132.8
2019-02-05,1124.84,1146.85,1117.25,1145.99
2019-02-06,1139.57,1147.0,1112.77,1115.23
2019-02-07,1104.16,1104.84,1086.0,1098.71
2019-02-08,1087.0,1098.91,1086.55,1095.06
2019-02-11,1096.95,1105.94,1092.86,1095.01
2019-02-12,1106.8,1125.3,1105.85,1121.37
2019-02-13,1124.99,1134.73,1118.5,1120.16
2019-02-14,1118.05,1128.23,1110.44,1121.67
2019-02-15,1130.08,1131.67,1110.65,1113.65
2019-02-19,1110.0,1121.89,1110.0,1118.56
2019-02-20,1119.99,1123.41,1105.28,1113.8
2019-02-21,1110.84,1111.94,1092.52,1096.97
2019-02-22,1100.9,1111.24,1095.6,1110.37
2019-02-25,1116.0,1118.54,1107.27,1109.4
2019-02-26,1105.75,1119.51,1099.92,1115.13
2019-02-27,1106.95,1117.98,1101.0,1116.05
2019-02-28,1111.3,1127.65,1111.01,1119.92
2019-03-01,1124.9,1142.97,1124.75,1140.99
2019-03-04,1146.99,1158.28,1130.69,1147.8
2019-03-05,1150.06,1169.61,1146.19,1162.03
2019-03-06,1162.49,1167.57,1155.49,1157.86
2019-03-07,1155.72,1156.76,1134.91,1143.3
2019-03-08,1126.73,1147.08,1123.3,1142.32
2019-03-11,1144.45,1176.19,1144.45,1175.76
2019-03-12,1178.26,1200.0,1178.26,1193.2
2019-03-13,1200.64,1200.93,1191.94,1193.32
2019-03-14,1194.51,1197.88,1184.48,1185.55
2019-03-15,1193.38,1196.57,1182.61,1184.46
2019-03-18,1183.3,1190.0,1177.42,1184.26
2019-03-19,1188.81,1200.0,1185.87,1198.85
2019-03-20,1197.35,1227.14,1196.17,1223.97
2019-03-21,1216.0,1231.79,1213.15,1231.54
2019-03-22,1226.32,1230.0,1202.83,1205.5
2019-03-25,1196.93,1206.4,1187.04,1193.0
2019-03-26,1198.53,1202.83,1176.72,1184.62
2019-03-27,1185.5,1187.56,1159.37,1173.02
2019-03-28,1171.54,1171.57,1159.43,1168.49
2019-03-29,1174.9,1178.99,1162.88,1173.31
2019-04-01,1184.1,1196.66,1182.0,1194.43
2019-04-02,1195.32,1201.35,1185.71,1200.49
2019-04-03,1207.48,1216.3,1200.5,1205.92
2019-04-04,1205.94,1215.67,1204.13,1215.0
2019-04-05,1214.99,1216.22,1205.03,1207.15
2019-04-08,1207.89,1208.69,1199.86,1203.84
2019-04-09,1196.0,1202.29,1193.08,1197.25
2019-04-10,1200.68,1203.79,1196.43,1202.16
2019-04-11,1203.96,1207.96,1200.13,1204.62
2019-04-12,1210.0,1218.35,1208.11,1217.87
2019-04-15,1218.0,1224.2,1209.11,1221.1
2019-04-16,1225.0,1230.82,1220.12,1227.13
2019-04-17,1233.0,1240.56,1227.82,1236.34
2019-04-18,1239.18,1242.0,1234.61,1236.37
2019-04-22,1235.99,1249.09,1228.31,1248.84
2019-04-23,1250.69,1269.0,1246.38,1264.55
2019-04-24,1264.12,1268.01,1255.0,1256.0
2019-04-25,1264.77,1267.41,1252.03,1263.45
2019-04-26,1269.0,1273.07,1260.32,1272.18
2019-04-29,1274.0,1289.27,1266.29,1287.58
2019-04-30,1185.0,1192.81,1175.0,1188.48
2019-05-01,1188.05,1188.05,1167.18,1168.08
2019-05-02,1167.76,1174.19,1155.0,1162.61
2019-05-03,1173.65,1186.8,1169.0,1185.4
2019-05-06,1166.26,1190.85,1166.26,1189.39
2019-05-07,1180.47,1190.44,1161.04,1174.1
2019-05-08,1172.01,1180.42,1165.74,1166.27
2019-05-09,1159.03,1169.66,1150.85,1162.38
2019-05-10,1163.59,1172.6,1142.5,1164.27
2019-05-13,1141.96,1147.94,1122.11,1132.03
2019-05-14,1137.21,1140.42,1119.55,1120.44
2019-05-15,1117.87,1171.33,1116.67,1164.21
2019-05-16,1164.51,1188.16,1162.84,1178.98
2019-05-17,1168.47,1180.15,1160.01,1162.3
2019-05-20,1144.5,1146.8,1131.44,1138.85
2019-05-21,1148.49,1152.71,1137.94,1149.63
2019-05-22,1146.75,1158.52,1145.89,1151.42
2019-05-23,1140.5,1145.97,1129.22,1140.77
2019-05-24,1147.36,1149.77,1131.66,1133.47
2019-05-28,1134.0,1151.59,1133.12,1134.15
2019-05-29,1127.52,1129.1,1108.22,1116.46
2019-05-30,1115.54,1123.13,1112.12,1117.95
2019-05-31,1101.29,1109.6,1100.18,1103.63
2019-06-03,1065.5,1065.5,1025.0,1036.23
2019-06-04,1042.9,1056.05,1033.69,1053.05
2019-06-05,1051.54,1053.55,1030.49,1042.22
2019-06-06,1044.99,1047.49,1033.7,1044.34
2019-06-07,1050.63,1070.92,1048.4,1066.04
2019-06-10,1072.98,1092.66,1072.32,1080.38
2019-06-11,1093.98,1101.99,1077.6,1078.72
2019-06-12,1078.0,1080.93,1067.54,1077.03
2019-06-13,1083.64,1094.17,1080.15,1088.77
2019-06-14,1086.42,1092.69,1080.17,1085.35
2019-06-17,1086.28,1099.18,1086.28,1092.5
2019-06-18,1109.69,1116.39,1098.99,1103.6
2019-06-19,1105.6,1107.0,1093.48,1102.33
2019-06-20,1119.99,1120.12,1104.74,1111.42
2019-06-21,1109.24,1124.11,1108.08,1121.88
2019-06-24,1119.61,1122.0,1111.01,1115.52
2019-06-25,1112.66,1114.35,1083.8,1086.35
2019-06-26,1086.5,1092.97,1072.24,1079.8
2019-06-27,1084.0,1087.1,1075.29,1076.01
2019-06-28,1076.39,1081.0,1073.37,1080.91
2019-07-01,1098.0,1107.58,1093.7,1097.95
2019-07-02,1102.24,1111.77,1098.17,1111.25
2019-07-03,1117.41,1126.76,1113.86,1121.58
2019-07-05,1117.8,1132.88,1116.14,1131.59
2019-07-08,1125.17,1125.98,1111.21,1116.35
2019-07-09,1111.8,1128.03,1107.17,1124.83
2019-07-10,1131.22,1142.05,1130.97,1140.48
2019-07-11,1143.25,1153.07,1139.58,1144.21
2019-07-12,1143.99,1147.34,1138.78,1144.9
2019-07-15,1146.86,1150.82,1139.4,1150.34
2019-07-16,1146.0,1158.58,1145.0,1153.58
2019-07-17,1150.97,1158.36,1145.77,1146.35
2019-07-18,1141.74,1147.61,1132.73,1146.33
2019-07-19,1148.19,1151.14,1129.62,1130.1
2019-07-22,1133.45,1139.25,1124.24,1138.07
2019-07-23,1144.0,1146.9,1131.8,1146.21
2019-07-24,1131.9,1144.0,1126.99,1137.81
2019-07-25,1137.82,1141.7,1120.92,1132.12
2019-07-26,1224.04,1265.55,1224.0,1250.41
2019-07-29,1241.05,1247.37,1228.23,1239.41
2019-07-30,1225.41,1234.87,1223.3,1225.14
2019-07-31,1223.0,1234.0,1207.76,1216.68
2019-08-01,1214.03,1234.11,1205.72,1209.01
2019-08-02,1200.74,1206.9,1188.94,1193.99
2019-08-05,1170.04,1175.24,1140.14,1152.32
2019-08-06,1163.31,1179.96,1160.0,1169.95
2019-08-07,1156.0,1178.45,1149.62,1173.99
2019-08-08,1182.83,1205.01,1173.02,1204.8
2019-08-09,1197.99,1203.88,1183.6,1188.01
2019-08-12,1179.21,1184.96,1167.67,1174.71
2019-08-13,1171.46,1204.78,1171.46,1197.27
2019-08-14,1176.31,1182.3,1160.54,1164.29
2019-08-15,1163.5,1175.84,1162.11,1167.26
2019-08-16,1179.55,1182.72,1171.81,1177.6
2019-08-19,1190.09,1206.99,1190.09,1198.45
2019-08-20,1195.25,1196.06,1182.11,1182.69
2019-08-21,1193.15,1199.0,1187.43,1191.25
2019-08-22,1194.07,1198.01,1178.58,1189.53
2019-08-23,1181.99,1194.08,1147.75,1151.29
2019-08-26,1157.26,1169.47,1152.96,1168.89
2019-08-27,1180.53,1182.4,1161.45,1167.84
2019-08-28,1161.71,1176.42,1157.3,1171.02
2019-08-29,1181.12,1196.06,1181.12,1192.85
2019-08-30,1198.5,1198.5,1183.8,1188.1
2019-09-03,1177.03,1186.89,1163.2,1168.39
2019-09-04,1176.71,1183.48,1171.0,1181.41
2019-09-05,1191.53,1213.04,1191.53,1211.38
2019-09-06,1208.13,1212.02,1202.52,1204.93
2019-09-09,1204.0,1220.0,1192.62,1204.41
2019-09-10,1195.15,1210.0,1194.58,1206.0
2019-09-11,1203.41,1222.6,1202.2,1220.17
2019-09-12,1224.3,1241.86,1223.02,1234.25
2019-09-13,1231.35,1240.88,1227.01,1239.56
2019-09-16,1229.52,1239.56,1225.61,1231.3
2019-09-17,1230.4,1235.0,1223.69,1229.15
2019-09-18,1227.51,1235.61,1216.53,1232.41
2019-09-19,1232.06,1244.44,1232.02,1238.71
2019-09-20,1233.12,1243.32,1223.08,1229.93
2019-09-23,1226.0,1239.09,1224.17,1234.03
2019-09-24,1240.0,1246.74,1210.68,1218.76
2019-09-25,1215.82,1248.3,1210.09,1246.52
2019-09-26,1241.96,1245.0,1232.27,1241.39
2019-09-27,1243.01,1244.02,1214.45,1225.09
2019-09-30,1220.97,1226.0,1212.3,1219.0
2019-10-01,1219.0,1231.23,1203.58,1205.1
2019-10-02,1196.98,1196.99,1171.29,1176.63
2019-10-03,1180.0,1189.06,1162.43,1187.83
2019-10-04,1191.89,1211.44,1189.17,1209.0
2019-10-07,1204.4,1218.2,1203.75,1207.68
2019-10-08,1197.59,1206.08,1189.01,1189.13
2019-10-09,1199.35,1208.35,1197.63,1202.31
2019-10-10,1198.58,1215.0,1197.34,1208.67
2019-10-11,1222.21,1228.39,1213.74,1215.45
2019-10-14,1212.34,1226.33,1211.76,1217.14
2019-10-15,1220.4,1247.33,1220.4,1243.01
2019-10-16,1241.17,1254.74,1238.45,1243.64
2019-10-17,1250.93,1263.33,1249.94,1253.07
2019-10-18,1253.46,1258.89,1241.08,1245.49
2019-10-21,1252.26,1254.63,1240.6,1246.15
2019-10-22,1247.85,1250.6,1241.38,1242.8
2019-10-23,1242.36,1259.89,1242.36,1259.13
2019-10-24,1260.9,1264.0,1253.71,1260.99
2019-10-25,1251.03,1269.6,1250.01,1265.13
2019-10-28,1275.45,1299.31,1272.54,1290.0
2019-10-29,1276.23,1281.59,1257.21,1262.62
2019-10-30,1252.97,1269.36,1252.0,1261.29
2019-10-31,1261.28,1267.67,1250.84,1260.11
2019-11-01,1265.0,1274.62,1260.5,1273.74
2019-11-04,1276.45,1294.13,1276.36,1291.37
2019-11-05,1292.89,1298.93,1291.23,1292.03
2019-11-06,1289.46,1293.73,1282.5,1291.8
2019-11-07,1294.28,1323.74,1294.24,1308.86
2019-11-08,1305.28,1318.0,1304.37,1311.37
2019-11-11,1303.18,1306.42,1297.41,1299.19
2019-11-12,1300.0,1310.0,1295.77,1298.8
2019-11-13,1294.07,1304.3,1293.51,1298.0
2019-11-14,1297.5,1317.0,1295.65,1311.46
2019-11-15,1318.94,1334.88,1314.28,1334.87
2019-11-18,1332.22,1335.53,1317.5,1320.7
2019-11-19,1327.7,1327.7,1312.8,1315.46
2019-11-20,1311.74,1315.0,1291.15,1303.05
2019-11-21,1301.48,1312.59,1293.0,1301.35
2019-11-22,1305.62,1308.73,1291.41,1295.34
2019-11-25,1299.18,1311.31,1298.13,1306.69
2019-11-26,1309.86,1314.8,1305.09,1313.55
2019-11-27,1315.0,1318.36,1309.63,1312.99
2019-11-29,1307.12,1310.2,1303.97,1304.96
2019-12-02,1301.0,1305.83,1281.0,1289.92
2019-12-03,1279.57,1298.46,1279.0,1295.28
2019-12-04,1307.01,1325.8,1304.87,1320.54
2019-12-05,1328.0,1329.36,1316.44,1328.13
2019-12-06,1333.44,1344.0,1333.44,1340.62
2019-12-09,1338.04,1359.45,1337.84,1343.56
2019-12-10,1341.5,1349.97,1336.04,1344.66
2019-12-11,1350.84,1351.2,1342.67,1345.02
2019-12-12,1345.94,1355.78,1340.5,1350.27
2019-12-13,1347.95,1353.09,1343.87,1347.83
2019-12-16,1356.5,1364.68,1352.67,1361.17
2019-12-17,1362.89,1365.0,1351.32,1355.12
2019-12-18,1356.6,1360.47,1351.0,1352.62
2019-12-19,1351.82,1358.1,1348.98,1356.04
2019-12-20,1363.35,1363.64,1349.0,1349.59
2019-12-23,1355.87,1359.8,1346.51,1348.84
2019-12-24,1348.5,1350.26,1342.78,1343.56
2019-12-26,1346.17,1361.33,1344.47,1360.4
2019-12-27,1362.99,1364.53,1349.31,1351.89
2019-12-30,1350.0,1353.0,1334.02,1336.14
2019-12-31,1330.11,1338.0,1329.09,1337.02
2020-01-02,1341.55,1368.14,1341.55,1367.37
2020-01-03,1347.86,1372.5,1345.54,1360.66
2020-01-06,1350.0,1396.5,1350.0,1394.21
2020-01-07,1397.94,1402.99,1390.38,1393.34
2020-01-08,1392.08,1411.58,1390.84,1404.32
2020-01-09,1420.57,1427.33,1410.27,1419.83
2020-01-10,1427.56,1434.93,1418.35,1429.73
2020-01-13,1436.13,1440.52,1426.02,1439.23
2020-01-14,1439.01,1441.8,1428.37,1430.88
2020-01-15,1430.21,1441.39,1430.21,1439.2
2020-01-16,1447.44,1451.99,1440.92,1451.7
2020-01-17,1462.91,1481.3,1458.22,1480.39
2020-01-21,1479.12,1491.85,1471.2,1484.4
2020-01-22,1491.0,1503.21,1484.93,1485.95
2020-01-23,1487.64,1495.52,1482.1,1486.65
2020-01-24,1493.59,1495.49,1465.25,1466.71
2020-01-27,1431.0,1438.07,1421.2,1433.9
2020-01-28,1443.0,1456.0,1432.47,1452.56
2020-01-29,1458.8,1465.43,1446.74,1458.63
2020-01-30,1439.96,1457.28,1436.4,1455.84
2020-01-31,1468.9,1470.13,1428.53,1434.23
2020-02-03,1462.0,1490.0,1458.99,1485.94
2020-02-04,1457.07,1469.5,1426.3,1447.07
2020-02-05,1462.42,1463.84,1430.56,1448.23
2020-02-06,1450.33,1482.0,1449.57,1476.23
2020-02-07,1467.3,1485.84,1466.35,1479.23
2020-02-10,1474.32,1509.5,1474.32,1508.68
2020-02-11,1511.81,1529.63,1505.64,1508.79
2020-02-12,1514.48,1520.69,1508.11,1518.27
2020-02-13,1512.69,1527.18,1504.6,1514.66
2020-02-14,1515.6,1520.74,1507.34,1520.74
2020-02-18,1515.0,1531.63,1512.59,1519.67
2020-02-19,1525.07,1532.11,1521.4,1526.69
2020-02-20,1522.0,1529.64,1506.82,1518.15
2020-02-21,1508.03,1512.21,1480.44,1485.11
2020-02-24,1426.11,1436.97,1411.39,1421.59
2020-02-25,1433.0,1438.14,1382.4,1388.45
2020-02-26,1396.14,1415.7,1379.0,1393.18
2020-02-27,1362.06,1371.7,1317.17,1318.09
2020-02-28,1277.5,1341.14,1271.0,1339.33
2020-03-02,1351.61,1390.87,1326.82,1389.11
2020-03-03,1399.42,1410.15,1332.0,1341.39
2020-03-04,1359.23,1388.09,1343.11,1386.52
2020-03-05,1350.2,1358.91,1305.1,1319.04
2020-03-06,1277.06,1306.22,1261.05,1298.41
2020-03-09,1205.3,1254.76,1200.0,1215.56
2020-03-10,1260.0,1281.15,1218.77,1280.39
2020-03-11,1249.7,1260.96,1196.07,1215.41
2020-03-12,1126.0,1193.87,1113.3,1114.91
2020-03-13,1179.0,1219.76,1117.14,1219.73
2020-03-16,1096.0,1152.27,1074.44,1084.33
2020-03-17,1093.11,1130.86,1056.01,1119.8
2020-03-18,1056.51,1106.5,1037.28,1096.8
2020-03-19,1093.05,1157.97,1060.11,1115.29
2020-03-20,1135.72,1143.99,1065.49,1072.32
2020-03-23,1061.32,1071.32,1013.54,1056.62
2020-03-24,1103.77,1135.0,1090.62,1134.46
2020-03-25,1126.47,1148.9,1086.01,1102.49
2020-03-26,1111.8,1169.97,1093.53,1161.75
2020-03-27,1125.67,1150.67,1105.91,1110.71
2020-03-30,1125.04,1151.63,1096.48,1146.82
2020-03-31,1147.3,1175.31,1138.14,1162.81
2020-04-01,1122.0,1129.69,1097.45,1105.62
2020-04-02,1098.26,1126.86,1096.4,1120.84
2020-04-03,1119.02,1123.54,1079.81,1097.88
2020-04-06,1138.0,1194.66,1130.94,1186.92
2020-04-07,1221.0,1225.0,1182.23,1186.51
2020-04-08,1206.5,1219.07,1188.16,1210.28
2020-04-09,1224.08,1225.57,1196.74,1211.45
2020-04-13,1209.18,1220.51,1187.6,1217.56
2020-04-14,1245.09,1282.07,1236.93,1269.23
2020-04-15,1245.61,1280.46,1240.4,1262.47
2020-04-16,1274.1,1279.0,1242.62,1263.47
2020-04-17,1284.85,1294.43,1271.23,1283.25
2020-04-20,1271.0,1281.6,1261.37,1266.61
2020-04-21,1247.0,1254.27,1209.71,1216.34
2020-04-22,1245.54,1285.61,1242.0,1263.21
2020-04-23,1271.55,1293.31,1265.67,1276.31
2020-04-24,1261.17,1280.4,1249.45,1279.31
2020-04-27,1296.0,1296.15,1269.0,1275.88
2020-04-28,1287.93,1288.05,1232.2,1233.67
2020-04-29,1341.46,1359.99,1325.34,1341.48
2020-04-30,1324.88,1352.82,1322.49,1348.66
2020-05-01,1328.5,1352.07,1311.0,1320.61
2020-05-04,1308.23,1327.66,1299.0,1326.8
2020-05-05,1337.92,1373.94,1337.46,1351.11
2020-05-06,1361.69,1371.12,1347.29,1347.3
2020-05-07,1365.94,1377.6,1355.27,1372.56
2020-05-08,1383.13,1398.76,1375.48,1388.37
2020-05-11,1378.28,1416.53,1377.15,1403.26
2020-05-12,1407.12,1415.0,1374.77,1375.74
2020-05-13,1377.05,1385.48,1328.4,1349.33
2020-05-14,1335.02,1357.42,1323.91,1356.13
2020-05-15,1350.0,1374.48,1339.0,1373.19
2020-05-18,1361.75,1392.33,1354.25,1383.94
2020-05-19,1387.0,1392.0,1373.48,1373.48
2020-05-20,1389.58,1410.42,1387.25,1406.72
2020-05-21,1408.0,1415.49,1393.45,1402.8
2020-05-22,1396.71,1412.76,1391.83,1410.42
2020-05-26,1437.27,1441.0,1412.13,1417.02
2020-05-27,1417.25,1421.74,1391.29,1417.84
2020-05-28,1396.86,1440.84,1396.0,1416.73
2020-05-29,1416.94,1432.57,1413.35,1428.92
2020-06-01,1418.39,1437.96,1418.0,1431.82
2020-06-02,1430.55,1439.61,1418.83,1439.22
2020-06-03,1438.3,1446.55,1429.78,1436.38
2020-06-04,1430.4,1438.96,1404.73,1412.18
2020-06-05,1413.17,1445.05,1406.0,1438.39
2020-06-08,1422.34,1447.99,1422.34,1446.61
2020-06-09,1445.36,1468.0,1443.21,1456.16
2020-06-10,1459.54,1474.26,1456.27,1465.85
2020-06-11,1442.48,1454.47,1402.0,1403.84
2020-06-12,1428.49,1437.0,1386.02,1413.18
2020-06-15,1390.8,1424.8,1387.92,1419.85
2020-06-16,1445.22,1455.02,1425.9,1442.72
2020-06-17,1447.16,1460.0,1431.38,1451.12
2020-06-18,1449.16,1451.41,1427.01,1435.96
2020-06-19,1444.0,1447.8,1421.35,1431.72
2020-06-22,1429.0,1452.75,1423.21,1451.86
2020-06-23,1455.64,1475.94,1445.24,1464.41
2020-06-24,1461.51,1475.42,1429.75,1431.97
2020-06-25,1429.9,1442.9,1420.0,1441.33
2020-06-26,1431.39,1433.45,1351.99,1359.9
2020-06-29,1358.18,1395.6,1347.01,1394.97
2020-06-30,1390.44,1418.65,1383.96,1413.61
2020-07-01,1411.1,1443.0,1409.82,1438.04
2020-07-02,1446.94,1482.95,1446.42,1464.7
2020-07-06,1480.06,1506.59,1472.86,1495.7
2020-07-07,1490.0,1516.8,1483.55,1485.18
2020-07-08,1494.32,1505.88,1485.63,1496.0
2020-07-09,1506.45,1522.72,1488.09,1510.99
2020-07-10,1506.15,1543.83,1496.54,1541.74
2020-07-13,1550.0,1577.13,1505.24,1511.34
2020-07-14,1490.31,1522.95,1483.5,1520.58
2020-07-15,1523.13,1535.33,1498.0,1513.64
2020-07-16,1500.0,1518.69,1486.31,1518.0
2020-07-17,1521.62,1523.44,1498.42,1515.55
2020-07-20,1515.26,1570.29,1503.6,1565.72
2020-07-21,1586.99,1586.99,1554.28,1558.42
2020-07-22,1560.5,1570.0,1546.1,1568.49
2020-07-23,1566.97,1571.87,1507.39,1515.68
2020-07-24,1498.93,1517.64,1488.4,1511.87
2020-07-27,1515.6,1540.97,1515.21,1530.2
2020-07-28,1525.18,1526.48,1497.66,1500.34
2020-07-29,1506.32,1531.25,1501.33,1522.02
2020-07-30,1497.0,1537.87,1492.22,1531.45
2020-07-31,1505.01,1508.95,1454.03,1482.96
2020-08-03,1486.64,1490.47,1465.64,1474.45
2020-08-04,1476.57,1485.56,1458.65,1464.97
2020-08-05,1469.3,1482.41,1463.46,1473.61
2020-08-06,1471.75,1502.39,1466.0,1500.1
2020-08-07,1500.0,1516.85,1481.64,1494.49
2020-08-10,1487.18,1504.08,1473.08,1496.1
2020-08-11,1492.44,1510.0,1478.0,1480.32
2020-08-12,1485.58,1512.39,1485.25,1506.62
2020-08-13,1510.34,1537.25,1508.01,1518.45
2020-08-14,1515.66,1521.9,1502.88,1507.73
2020-08-17,1514.67,1525.61,1507.97,1517.98
2020-08-18,1526.18,1562.47,1523.71,1558.6
2020-08-19,1553.31,1573.68,1543.95,1547.53
2020-08-20,1543.45,1585.87,1538.2,1581.75
2020-08-21,1577.03,1597.72,1568.01,1580.42
2020-08-24,1593.98,1614.17,1580.57,1588.2
2020-08-25,1582.07,1611.62,1582.07,1608.22
2020-08-26,1608.0,1659.22,1603.6,1652.38
2020-08-27,1653.68,1655.0,1625.75,1634.33
2020-08-28,1633.49,1647.17,1630.75,1644.41
2020-08-31,1647.89,1647.96,1630.31,1634.18
2020-09-01,1636.63,1665.73,1632.22,1660.71
2020-09-02,1673.78,1733.18,1666.33,1728.28
2020-09-03,1709.71,1709.71,1615.06,1641.84
2020-09-04,1624.26,1645.11,1547.61,1591.04
2020-09-08,1533.51,1563.87,1528.01,1532.39
2020-09-09,1557.53,1569.0,1536.05,1556.96
2020-09-10,1560.64,1584.08,1525.81,1532.02
2020-09-11,1536.0,1575.2,1497.36,1520.72
2020-09-14,1539.01,1564.0,1515.74,1519.28
2020-09-15,1536.0,1559.57,1531.84,1541.44
2020-09-16,1555.54,1562.0,1519.82,1520.9
2020-09-17,1496.0,1508.3,1470.0,1495.53
2020-09-18,1498.01,1503.0,1437.13,1459.99
2020-09-21,1440.06,1448.36,1406.55,1431.16
2020-09-22,1450.09,1469.52,1434.53,1465.46
2020-09-23,1458.78,1460.96,1407.7,1415.21
2020-09-24,1411.03,1443.71,1409.85,1428.29
2020-09-25,1432.63,1450.0,1413.34,1444.96
2020-09-28,1474.21,1476.8,1449.3,1464.52
2020-09-29,1470.39,1476.66,1458.81,1469.33
2020-09-30,1466.8,1489.75,1459.88,1469.6
2020-10-01,1484.27,1499.04,1479.21,1490.09
2020-10-02,1462.03,1483.2,1450.92,1458.42
2020-10-05,1466.21,1488.21,1464.27,1486.02
2020-10-06,1475.58,1486.76,1448.59,1453.44
2020-10-07,1464.29,1468.96,1436.0,1460.29
2020-10-08,1465.09,1490.0,1465.09,1485.93
2020-10-09,1494.7,1516.52,1489.45,1515.22
2020-10-12,1543.0,1593.86,1532.57,1569.15
2020-10-13,1583.73,1590.0,1563.2,1571.68
2020-10-14,1578.59,1587.68,1550.53,1568.08
2020-10-15,1547.15,1575.11,1545.03,1559.13
2020-10-16,1565.85,1581.13,1563.0,1573.01
2020-10-19,1580.46,1588.15,1528.0,1534.61
2020-10-20,1527.05,1577.5,1525.67,1555.93
2020-10-21,1573.33,1618.73,1571.63,1593.31
2020-10-22,1593.05,1621.99,1585.0,1615.33
2020-10-23,1626.07,1642.36,1620.51,1641.0
2020-10-26,1625.01,1638.24,1576.5,1590.45
2020-10-27,1595.67,1606.85,1582.78,1604.26
2020-10-28,1559.74,1561.35,1514.62,1516.62
2020-10-29,1522.36,1593.71,1522.24,1567.24
2020-10-30,1672.11,1687.0,1604.46,1621.01
2020-11-02,1628.16,1660.77,1616.03,1626.03
2020-11-03,1631.78,1661.7,1616.62,1650.21
2020-11-04,1710.28,1771.37,1706.03,1749.13
2020-11-05,1781.0,1793.64,1750.51,1763.37
2020-11-06,1753.95,1772.43,1740.35,1761.75
2020-11-09,1790.9,1818.06,1760.02,1763.0
2020-11-10,1731.09,1763.0,1717.3,1740.39
2020-11-11,1750.0,1764.22,1747.37,1752.71
2020-11-12,1747.63,1768.27,1745.6,1749.84
2020-11-13,1757.63,1781.04,1744.55,1777.02
2020-11-16,1771.7,1799.07,1767.69,1781.38
2020-11-17,1776.94,1785.0,1767.0,1770.15
2020-11-18,1765.23,1773.47,1746.14,1746.78
2020-11-19,1738.38,1769.59,1737.01,1763.92
2020-11-20,1765.21,1774.0,1741.86,1742.19
2020-11-23,1749.6,1753.9,1717.72,1734.86
2020-11-24,1730.5,1771.6,1727.69,1768.88
2020-11-25,1772.89,1778.54,1756.54,1771.43
2020-11-27,1773.09,1804.0,1772.44,1793.19
2020-11-30,1781.18,1788.07,1755.0,1760.74
2020-12-01,1774.37,1824.83,1769.37,1798.1
2020-12-02,1798.1,1835.65,1789.47,1827.95
2020-12-03,1824.01,1847.2,1822.65,1826.77
2020-12-04,1824.52,1833.16,1816.99,1827.99
2020-12-07,1819.0,1832.37,1805.78,1819.48
2020-12-08,1810.1,1821.9,1796.2,1818.55
2020-12-09,1812.01,1834.27,1767.81,1784.13
2020-12-10,1769.8,1781.31,1740.32,1775.33
2020-12-11,1763.06,1784.45,1760.0,1781.77
2020-12-14,1775.0,1797.39,1757.21,1760.06
2020-12-15,1764.42,1771.42,1749.95,1767.77
2020-12-16,1772.88,1773.0,1756.08,1763.0
2020-12-17,1768.51,1771.78,1738.66,1747.9
2020-12-18,1754.18,1755.11,1720.22,1731.01
2020-12-21,1713.51,1740.85,1699.0,1739.37
2020-12-22,1734.43,1737.4,1712.58,1723.5
2020-12-23,1728.11,1747.99,1725.04,1732.38
2020-12-24,1735.0,1746.0,1729.11,1738.85
2020-12-28,1751.63,1790.73,1746.34,1776.09
2020-12-29,1787.79,1792.44,1756.09,1758.72
2020-12-30,1762.01,1765.1,1725.6,1739.52
2020-12-31,1735.42,1758.93,1735.42,1751.88
2021-01-04,1757.54,1760.65,1707.85,1728.24
2021-01-05,1725.0,1747.67,1718.02,1740.92
2021-01-06,1702.63,1748.0,1699.0,1735.29
2021-01-07,1740.06,1788.4,1737.05,1787.25
2021-01-08,1787.98,1809.84,1773.54,1807.21
2021-01-11,1786.07,1794.32,1760.52,1766.72
2021-01-12,1753.92,1778.04,1725.31,1746.55
2021-01-13,1738.58,1765.04,1738.01,1754.4
2021-01-14,1753.62,1775.01,1733.4,1740.18
2021-01-15,1738.19,1756.0,1721.55,1736.19
2021-01-19,1752.25,1809.28,1741.46,1790.86
2021-01-20,1831.46,1903.71,1825.53,1886.9
2021-01-21,1898.0,1934.86,1887.11,1891.25
2021-01-22,1895.68,1910.95,1881.76,1901.05
2021-01-25,1920.67,1929.58,1867.53,1899.4
2021-01-26,1888.84,1925.0,1884.24,1917.24
2021-01-27,1882.53,1890.0,1809.0,1830.79
2021-01-28,1843.94,1898.83,1842.64,1863.11
2021-01-29,1846.17,1857.28,1810.2,1835.74
2021-02-01,1853.57,1922.39,1850.93,1901.35
2021-02-02,1922.56,1955.76,1914.49,1927.51
2021-02-03,2073.0,2116.5,2018.38,2070.07
2021-02-04,2068.89,2078.55,2042.59,2062.37
2021-02-05,2070.0,2102.51,2059.33,2098.0
2021-02-08,2105.91,2123.55,2072.0,2092.91
2021-02-09,2078.54,2105.13,2078.54,2083.51
2021-02-10,2094.21,2108.37,2063.09,2095.38
2021-02-11,2099.51,2102.03,2077.32,2095.89
2021-02-12,2090.25,2108.82,2083.13,2104.11
2021-02-16,2104.36,2152.68,2104.36,2121.9
2021-02-17,2100.0,2133.66,2098.92,2128.31
2021-02-18,2110.39,2132.74,2103.71,2117.2
2021-02-19,2119.27,2130.53,2097.41,2101.14
2021-02-22,2067.0,2091.42,2062.14,2064.88
2021-02-23,2025.01,2082.01,2002.02,2070.86
2021-02-24,2041.83,2100.78,2038.13,2095.17
2021-02-25,2067.45,2094.88,2021.29,2031.36
2021-02-26,2050.52,2071.01,2016.06,2036.86
2021-03-01,2056.52,2086.52,2046.1,2081.51
2021-03-02,2076.19,2104.37,2071.26,2075.84
2021-03-03,2067.21,2088.52,2010.0,2026.71
2021-03-04,2023.37,2089.24,2020.27,2049.09
2021-03-05,2073.12,2118.11,2046.41,2108.54
2021-03-08,2101.13,2128.81,2021.61,2024.17
2021-03-09,2070.0,2078.04,2047.83,2052.7
2021-03-10,2071.76,2075.0,2033.37,2055.03
2021-03-11,2074.06,2125.7,2072.38,2114.77
2021-03-12,2085.0,2090.26,2047.55,2061.92
2021-03-15,2062.3,2067.06,2043.51,2066.49
2021-03-16,2078.99,2123.56,2070.0,2092.52
2021-03-17,2076.03,2109.78,2054.0,2091.08
2021-03-18,2061.0,2075.5,2033.55,2036.22
2021-03-19,2042.05,2053.1,2017.68,2043.2
2021-03-22,2041.84,2057.99,2026.07,2038.59
2021-03-23,2051.7,2072.3,2039.22,2052.96
2021-03-24,2065.37,2078.21,2041.56,2045.06
