,Date,Binance Coin,Bitcoin,Bitcoin Cash,Bitcoin SV,Cardano,ChainLink,Cosmos,Dash,Dogecoin,Ethereum,Ethereum Classic,IOTA,Litecoin,Maker,Monero,NEM,NEO,Ontology,Ripple,Stellar,StrongHands,Tether,Tezos,TRON,USD Coin
78,2009-01-03,,,,,,,,,,,,,,,,,,,,,,,,,
79,2009-01-11,,,,,,,,,,,,,,,,,,,,,,,,,
80,2009-01-22,,,,,,,,,,,,,,,,,,,,,,,,,
81,2009-02-02,,,,,,,,,,,,,,,,,,,,,,,,,
82,2009-02-13,,,,,,,,,,,,,,,,,,,,,,,,,
83,2009-02-24,,,,,,,,,,,,,,,,,,,,,,,,,
84,2009-03-07,,,,,,,,,,,,,,,,,,,,,,,,,
85,2009-03-18,,,,,,,,,,,,,,,,,,,,,,,,,
86,2009-03-29,,,,,,,,,,,,,,,,,,,,,,,,,
87,2009-04-09,,,,,,,,,,,,,,,,,,,,,,,,,
88,2009-04-20,,,,,,,,,,,,,,,,,,,,,,,,,
89,2009-05-01,,,,,,,,,,,,,,,,,,,,,,,,,
90,2009-05-12,,,,,,,,,,,,,,,,,,,,,,,,,
91,2009-05-23,,,,,,,,,,,,,,,,,,,,,,,,,
92,2009-06-03,,,,,,,,,,,,,,,,,,,,,,,,,
93,2009-06-14,,,,,,,,,,,,,,,,,,,,,,,,,
94,2009-06-25,,,,,,,,,,,,,,,,,,,,,,,,,
95,2009-07-06,,,,,,,,,,,,,,,,,,,,,,,,,
96,2009-07-17,,,,,,,,,,,,,,,,,,,,,,,,,
97,2009-07-28,,,,,,,,,,,,,,,,,,,,,,,,,
98,2009-08-08,,,,,,,,,,,,,,,,,,,,,,,,,
99,2009-08-19,,,,,,,,,,,,,,,,,,,,,,,,,
100,2009-08-30,,,,,,,,,,,,,,,,,,,,,,,,,
101,2009-09-10,,,,,,,,,,,,,,,,,,,,,,,,,
102,2009-09-21,,,,,,,,,,,,,,,,,,,,,,,,,
103,2009-10-02,,,,,,,,,,,,,,,,,,,,,,,,,
104,2009-10-13,,,,,,,,,,,,,,,,,,,,,,,,,
105,2009-10-24,,,,,,,,,,,,,,,,,,,,,,,,,
106,2009-11-04,,,,,,,,,,,,,,,,,,,,,,,,,
107,2009-11-15,,,,,,,,,,,,,,,,,,,,,,,,,
108,2009-11-26,,,,,,,,,,,,,,,,,,,,,,,,,
109,2009-12-07,,,,,,,,,,,,,,,,,,,,,,,,,
110,2009-12-18,,,,,,,,,,,,,,,,,,,,,,,,,
111,2009-12-29,,,,,,,,,,,,,,,,,,,,,,,,,
112,2010-01-01,,,,,,,,,,,,,,,,,,,,,,,,,
113,2010-01-11,,,,,,,,,,,,,,,,,,,,,,,,,
114,2010-01-22,,,,,,,,,,,,,,,,,,,,,,,,,
115,2010-02-02,,,,,,,,,,,,,,,,,,,,,,,,,
116,2010-02-13,,,,,,,,,,,,,,,,,,,,,,,,,
117,2010-02-24,,,,,,,,,,,,,,,,,,,,,,,,,
118,2010-03-07,,,,,,,,,,,,,,,,,,,,,,,,,
119,2010-03-18,,,,,,,,,,,,,,,,,,,,,,,,,
120,2010-03-29,,,,,,,,,,,,,,,,,,,,,,,,,
121,2010-04-09,,,,,,,,,,,,,,,,,,,,,,,,,
122,2010-04-20,,,,,,,,,,,,,,,,,,,,,,,,,
123,2010-05-01,,,,,,,,,,,,,,,,,,,,,,,,,
124,2010-05-12,,,,,,,,,,,,,,,,,,,,,,,,,
125,2010-05-23,,,,,,,,,,,,,,,,,,,,,,,,,
126,2010-06-03,,,,,,,,,,,,,,,,,,,,,,,,,
127,2010-06-14,,,,,,,,,,,,,,,,,,,,,,,,,
128,2010-06-25,,,,,,,,,,,,,,,,,,,,,,,,,
129,2010-07-06,,,,,,,,,,,,,,,,,,,,,,,,,
130,2010-07-17,,220019.86471635,,,,,,,,,,,,,,,,,,,,,,,
131,2010-07-28,,221519.22649879998,,,,,,,,,,,,,,,,,,,,,,,
132,2010-08-08,,246603.47344983,,,,,,,,,,,,,,,,,,,,,,,
133,2010-08-19,,248993.69344889998,,,,,,,,,,,,,,,,,,,,,,,
134,2010-08-30,,240774.54018472,,,,,,,,,,,,,,,,,,,,,,,
135,2010-09-10,,246966.91749903,,,,,,,,,,,,,,,,,,,,,,,
136,2010-09-21,,255158.80612773,,,,,,,,,,,,,,,,,,,,,,,
137,2010-10-02,,315091.04231502,,,,,,,,,,,,,,,,,,,,,,,
138,2010-10-13,,438711.92533799,,,,,,,,,,,,,,,,,,,,,,,
139,2010-10-24,,774233.15277963,,,,,,,,,,,,,,,,,,,,,,,
140,2010-11-04,,1213534.8870171001,,,,,,,,,,,,,,,,,,,,,,,
141,2010-11-15,,1274490.4145673001,,,,,,,,,,,,,,,,,,,,,,,
142,2010-11-26,,1140066.4168833,,,,,,,,,,,,,,,,,,,,,,,
143,2010-12-07,,1094133.3037801,,,,,,,,,,,,,,,,,,,,,,,
144,2010-12-18,,1252504.4657033999,,,,,,,,,,,,,,,,,,,,,,,
145,2010-12-29,,1473282.8707168002,,,,,,,,,,,,,,,,,,,,,,,
146,2011-01-01,,1543417.0881398001,,,,,,,,,,,,,,,,,,,,,,,
147,2011-01-11,,1828548.955022,,,,,,,,,,,,,,,,,,,,,,,
148,2011-01-22,,2444463.3991285,,,,,,,,,,,,,,,,,,,,,,,
149,2011-02-02,,4715769.4123937,,,,,,,,,,,,,,,,,,,,,,,
150,2011-02-13,,5206693.7285137,,,,,,,,,,,,,,,,,,,,,,,
151,2011-02-24,,5103402.734299299,,,,,,,,,,,,,,,,,,,,,,,
152,2011-03-07,,4966158.038395599,,,,,,,,,,,,,,,,,,,,,,,
153,2011-03-18,,4657675.799282701,,,,,,,,,,,,,,,,,,,,,,,
154,2011-03-29,,4402232.4721109,,,,,,,,,,,,,,,,,,,,,,,
155,2011-04-09,,5615800.652836,,,,,,,,,,,,,,,,,,,,,,,
156,2011-04-20,,10880440.946385,,,,,,,,,,,,,,,,,,,,,,,
157,2011-05-01,,22974831.562175,,,,,,,,,,,,,,,,,,,,,,,
158,2011-05-12,,43065373.721895,,,,,,,,,,,,,,,,,,,,,,,
159,2011-05-23,,53948754.739507,,,,,,,,,,,,,,,,,,,,,,,
160,2011-06-03,,129867296.31745,,,,,,,,,,,,,,,,,,,,,,,
161,2011-06-14,,117226111.61598998,,,,,,,,,,,,,,,,,,,,,,,
162,2011-06-25,,105360719.4369,,,,,,,,,,,,,,,,,,,,,,,
163,2011-07-06,,97388166.902279,,,,,,,,,,,,,,,,,,,,,,,
164,2011-07-17,,94389526.329023,,,,,,,,,,,,,,,,,,,,,,,
165,2011-07-28,,80091269.728405,,,,,,,,,,,,,,,,,,,,,,,
166,2011-08-08,,70939284.956089,,,,,,,,,,,,,,,,,,,,,,,
167,2011-08-19,,72760781.089758,,,,,,,,,,,,,,,,,,,,,,,
168,2011-08-30,,54933640.274631,,,,,,,,,,,,,,,,,,,,,,,
169,2011-09-10,,39460355.589596994,,,,,,,,,,,,,,,,,,,,,,,
170,2011-09-21,,38152519.294116996,,,,,,,,,,,,,,,,,,,,,,,
171,2011-10-02,,33141260.936024,,,,,,,,,,,,,,,,,,,,,,,
379,2011-10-07,,,,,,,,,,,,,,,,,,,,,,,,,
172,2011-10-13,,23349193.550218,,,,,,,,,,,,,,,,,,,,,,,
173,2011-10-24,,23401982.622337,,,,,,,,,,,,,,,,,,,,,,,
174,2011-11-04,,22607355.849007998,,,,,,,,,,,,,,,,,,,,,,,
175,2011-11-15,,17745654.050821,,,,,,,,,,,,,,,,,,,,,,,
176,2011-11-26,,21806729.624522,,,,,,,,,,,,,,,,,,,,,,,
177,2011-12-07,,24467064.161132,,,,,,,,,,,,,,,,,,,,,,,
178,2011-12-18,,30651411.561628997,,,,,,,,,,,,,,,,,,,,,,,
179,2011-12-29,,34643296.978640996,,,,,,,,,,,,,,,,,,,,,,,
180,2012-01-01,,48383376.9397,,,,,,,,,,,,,,,,,,,,,,,
181,2012-01-11,,52735451.500237,,,,,,,,,,,,,,,,,,,,,,,
182,2012-01-22,,47418992.516477,,,,,,,,,,,,,,,,,,,,,,,
183,2012-02-02,,47682685.706434004,,,,,,,,,,,,,,,,,,,,,,,
184,2012-02-13,,37915434.168906,,,,,,,,,,,,,,,,,,,,,,,
185,2012-02-24,,41153515.770907,,,,,,,,,,,,,,,,,,,,,,,
186,2012-03-06,,43089367.638778,,,,,,,,,,,,,,,,,,,,,,,
187,2012-03-17,,41525988.646984,,,,,,,,,,,,,,,,,,,,,,,
188,2012-03-28,,42288914.901924,,,,,,,,,,,,,,,,,,,,,,,
189,2012-04-08,,42966376.47819699,,,,,,,,,,,,,,,,,,,,,,,
190,2012-04-19,,45234451.269537,,,,,,,,,,,,,,,,,,,,,,,
191,2012-04-30,,45021398.568071,,,,,,,,,,,,,,,,,,,,,,,
192,2012-05-11,,45437995.410184,,,,,,,,,,,,,,,,,,,,,,,
193,2012-05-22,,46699809.683428995,,,,,,,,,,,,,,,,,,,,,,,
194,2012-06-02,,49894804.78528,,,,,,,,,,,,,,,,,,,,,,,
195,2012-06-13,,58715495.453807,,,,,,,,,,,,,,,,,,,,,,,
196,2012-06-24,,61038626.032432,,,,,,,,,,,,,,,,,,,,,,,
197,2012-07-05,,66892740.778427005,,,,,,,,,,,,,,,,,,,,,,,
198,2012-07-16,,81814086.213805,,,,,,,,,,,,,,,,,,,,,,,
199,2012-07-27,,93792804.853414,,,,,,,,,,,,,,,,,,,,,,,
200,2012-08-07,,115049769.96406001,,,,,,,,,,,,,,,,,,,,,,,
201,2012-08-18,,100974331.41337,,,,,,,,,,,,,,,,,,,,,,,
202,2012-08-29,,104148626.94085,,,,,,,,,,,,,,,,,,,,,,,
203,2012-09-09,,115017263.61037,,,,,,,,,,,,,,,,,,,,,,,
204,2012-09-20,,122924247.48369,,,,,,,,,,,,,,,,,,,,,,,
205,2012-10-01,,124336085.96406999,,,,,,,,,,,,,,,,,,,,,,,
206,2012-10-12,,120357759.09447,,,,,,,,,,,,,,,,,,,,,,,
207,2012-10-23,,111678331.39158998,,,,,,,,,,,,,,,,,,,,,,,
208,2012-11-03,,112141643.55488999,,,,,,,,,,,,,,,,,,,,,,,
209,2012-11-14,,122124668.3336,,,,,,,,,,,,,,,,,,,,,,,
210,2012-11-25,,132014263.97827,,,,,,,,,,,,,,,,,,,,,,,
211,2012-12-06,,141968659.32596,,,,,,,,,,,,,,,,,,,,,,,
212,2012-12-17,,141328289.74863002,,,,,,,,,,,,,,,,,,,,,,,
213,2012-12-28,,142832956.79259,,,,,,,,,,,,,,,,,,,,,,,
214,2013-01-01,,143930830.86155,,,,,,,,,,,,,,,,,,,,,,,
215,2013-01-11,,158858352.31573,,,,,,,,,,,,,,,,,,,,,,,
216,2013-01-22,,196543764.60819,,,,,,,,,,,,,,,,,,,,,,,
217,2013-02-02,,236282149.80017003,,,,,,,,,,,,,,,,,,,,,,,
218,2013-02-13,,299484761.34387004,,,,,,,,,,,,,,,,,,,,,,,
219,2013-02-24,,371714254.97692996,,,,,,,,,,,,,,,,,,,,,,,
220,2013-03-07,,497628956.80694,,,,,,,,,,,,,,,,,,,,,,,
221,2013-03-18,,757442531.49596,,,,,,,,,,,,,,,,,,,,,,,
222,2013-03-29,,1356275675.7053,,,,,,,,,,,,,,,,,,,,,,,
223,2013-04-09,,1309399150.5042,,,,,,,,,,,,,,,,,,,,,,,
224,2013-04-20,,1487755045.5308,,,,,,,,,,,,,,,,,,,,,,,
225,2013-05-01,,1235140299.8930001,,,,,,,,,,,,,,,,,,,,,,,
226,2013-05-12,,1326583161.7005,,,,,,,,,,,,,,,,,,,,,,,
227,2013-05-23,,1442699608.8933,,,,,,,,,,,,,,,,,,,,,,,
228,2013-06-03,,1256139157.9406,,,,,,,,,,,,,,,,,,,,,,,
229,2013-06-14,,1191581767.3114,,,,,,,,,,,,,,,,,,,,,,,
230,2013-06-25,,1046869919.1067,,,,,,,,,,,,,,,,,,,,,,,
231,2013-07-06,,980184998.52406,,,,,,,,,,,,,,,,,,,,,,,
232,2013-07-17,,1071185910.0660001,,,,,,,,,,,,,,,,,,,,,,,
233,2013-07-28,,1200393338.1577,,,,,,,,,,,,,,,,,,,,,,,
234,2013-08-08,,1245212920.0707,,,,,,,,,,,,,,,,,,,,,,,
235,2013-08-19,,1426228482.0473,,,,,,,,,,,,,,,,,,,,,,,
236,2013-08-30,,1582387559.1229,,,,,,,,,,,,,,,,,,,,,,,
237,2013-09-10,,1618504081.7606,,,,,,,,,,,,,,,,,,,,,,,
238,2013-09-21,,1618395193.2797,,,,,,,,,,,,,,,,,,,,,,,
239,2013-10-02,,1604119635.3494,,,,,,,,,,,,,,,,,,,,,,,
240,2013-10-13,,2041516484.9272,,,,,,,,,,,,,,,,,,,,,,,
241,2013-10-24,,2458382418.693,,,,,,,,,,,,,,,,,,,,,,,
242,2013-11-04,,3958148172.8152,,,,,,,,,,,92609925.5,,,,,,,,,,,,
243,2013-11-15,,7843935656.4468,,,,,,,,,,,177654256.36363998,,,,,,,,,,,,
244,2013-11-26,,13000159241.593,,,,,,,,,,,817499620.1,,,,,,,,,,,,
245,2013-12-07,,10350265571.661999,,,,,,,,,,,700083112.6363599,,,,,,,,,,,,
374,2013-12-16,,,,,,,,,1896067.5,,,,,,,,,,,,,,,,
246,2013-12-18,,8420140284.4503,,,,,,,6373526.6666667,,,,485069186.77778,,,,,,,,,,,,
385,2013-12-27,,,,,,,,,,,,,,,,,,,2665718366.5,,,,,,
247,2013-12-29,,9265878910.8096,,,,,,,7262515.3333332995,,,,579773965.33333,,,,,,2733567021.6667,,,,,,
248,2014-01-01,,10318366268.65,,,,,,,6520113.2,,,,626157978.75,,,,,,2574415519.95,,,,,,
249,2014-01-11,,10497515229.455,,,,,,,18635051.272726998,,,,621165673.0,,,,,,2150688791.0909,,,,,,
250,2014-01-22,,10213365539.909,,,,,,,58930043.363636,,,,559424660.54545,,,,,,1954387773.7,,,,,,
251,2014-02-02,,9195612233.3,,,,,,,,,,,493558981.9,,,,,,,,,,,,
375,2014-02-03,,,,,,,,,60628435.3,,,,,,,,,,1898184011.0,,,,,,
252,2014-02-13,,7639597558.9091,,,,,,,72332023.363636,,,,397348393.63636,,,,,,1556510115.1818,,,,,,
253,2014-02-24,,7277410158.1818,,,,,,,57863886.090909,,,,372235561.36364,,,,,,1422338300.6364,,,,,,
254,2014-03-07,,7915991275.0455,,,,,,,50666404.090909004,,,,435059805.95455,,,,,,1455735335.7273,,,,,,
255,2014-03-18,,7238270415.6364,,,,,,,43520511.909090996,,,,434869486.54545,,,,,,1292741309.8182,,,,,,
256,2014-03-29,,5782431941.8182,,,,,,,32324386.818182,,,,327127372.27273,,,,,,865688219.3636401,,,,,,
257,2014-04-09,,5768746086.1818,,,,,,,35663983.772727005,,,,316763986.81817997,,,,,,256384256.35,,,,,,
258,2014-04-20,,5980540751.5455,,,,,,,39459666.181818,,,,315724156.0,,,,,,43301184.363636,,,,,,
259,2014-05-01,,5638878302.6364,,,,,,,36192154.363636,,,,297930463.0,,,,,,42520233.272727005,,,,,,
260,2014-05-12,,5818598749.7273,,,,,,,35440066.090909004,,,,297079933.90909,,,,,,48954453.545455,,,,,,
261,2014-05-23,,7417959131.0909,,,,,,,31894978.954545002,,,,323298249.54545,,,,,,32014058.363636,,,,,,
262,2014-06-03,,8302047620.6364,,,,,,,30679995.0,,,,322171242.36364,,,,,,32424811.181818,,,,,,
382,2014-06-07,,,,,,,,,,,,,,,2080823.4285714,,,,,,,,,,
263,2014-06-14,,7691822920.7273,,,,,,,29673069.272727,,,,288425838.27273,,5218965.136363599,,,,32502487.090909004,,,,,,
264,2014-06-25,,7969184098.8182,,,,,,,21984753.0,,,,258395036.90908998,,4550102.1818182,,,,29355103.0,,,,,,
265,2014-07-06,,8129985246.6667,,,,,,,20853552.666667003,,,,239975283.83332998,,4195818.6666667,,,,29170159.5,,,,,,
266,2014-07-17,,8027115001.4545,,,,,,,20219067.0,,,,252601118.90908998,,6318970.0,,,,46520459.090909004,,,,,,
267,2014-07-28,,7657266882.4545,,,,,,,17984646.045454998,,,,228952292.59091002,,6046364.863636401,,,,44945377.590909004,,,,,,
268,2014-08-08,,7120257691.8636,,,,,,,12768383.772727,,,,176384683.40908998,,4399131.5454545,,,,43123364.636364,,,,,,
269,2014-08-19,,6648698502.0909,,,,,,,11550045.35,,,,167359309.4,,5581024.8,,,,72367063.15,,,,,,
270,2014-08-30,,6404733909.8182,,,,,,,14169102.636364002,,,,158702497.36363998,,6507613.863636401,,,,140145944.13636002,,,,,,
271,2014-09-10,,6150661555.9091,,,,,,,24354588.818182,,,,165174081.0,,6146603.090909099,,,,144020344.72727,,,,,,
272,2014-09-21,,5352619426.7273,,,,,,,33655788.8,,,,142888432.09091002,,4847386.6,,,,136736563.2,,,,,,
273,2014-10-02,,4720590904.0,,,,,,,28112001.136364,,,,129751976.18181999,,4107397.3636363996,,,,140033808.59091002,,,,,,
376,2014-10-04,,,,,,,,,,601752.8125,,,,,,,,,,,,,,,
274,2014-10-13,,5173118853.6364,,,,,,,24165978.454545002,563927.09090909,,,129919155.27273001,,4025491.5454546,,,,144096322.81818,,,,,,
275,2014-10-24,,4637016836.8182,,,,,,,23004220.7,614021.3,,,123676200.81818001,,2818119.7,,,,140006058.1,,,,,,
276,2014-11-04,,4894505303.4545,,,,,,,21505870.363636,634619.63636364,,,124842631.36364,,2943755.9090909,,,,142636951.09091002,,,,,,
277,2014-11-15,,5082532363.4545,,,,,,,21473743.363636,651944.63636364,,,126870886.36364,,2702330.6363636004,,,,191036607.54545,,,,,,
278,2014-11-26,,5095455869.8182,,,,,,,22820077.590909,627351.54545455,,,123228571.90909,,2598794.7272727,,,,402370089.81817997,,,,,,
279,2014-12-07,,4794047435.5455,,,,,,,19703613.3,704207.63636364,,,120878813.09091,,2019871.8,,,,523610760.1,,,,,,
280,2014-12-18,,4390360989.8182,,,,,,,18398812.454545002,757152.0,,,98434727.636364,,2005591.4090909,,,,766437047.95455,,,,,,
281,2014-12-29,,4284416266.0,,,,,,,17500698.0,737658.0,,,95123961.666667,,2705142.6666667005,,,,749292520.0,,,,,,
282,2015-01-01,,3994194472.5,,,,,,,16637953.0,840407.0,,,78565994.6,,2424381.2222222,,,,672311314.66667,,,,,,
283,2015-01-11,,3041564359.2727,,,,,,,13818533.909091,1163686.4545453999,,,51202244.909090996,,1615318.6363636001,,,,508491586.72727,,,,,,
284,2015-01-22,,3339568228.0,,,,,,,15014871.545455,1023761.9090909001,,,65763497.727272995,,1745720.6363636001,,,,488199257.63636,,,,,,
285,2015-02-02,,3097465862.7273,,,,,,,14036254.7,704338.1,,,64461500.909091,,1631651.7,,,,439877214.1,,,,,,
286,2015-02-13,,3320429871.7273,,,,,,,14184379.772727,599368.63636364,,,67327357.0,,1713008.2727273002,,,,442606129.45455,,,,,,
287,2015-02-24,,3566088397.9091,,,,,,,14061892.727273,614097.63636364,,,68707016.8,,2578775.3636363996,,,,393835272.0,,,,,,
288,2015-03-07,,3982634066.0,,,,,,,14003688.636364002,829064.45454545,,,73931147.90909101,,4344173.8181818,,,,337565498.63636,,,,,,
289,2015-03-18,,3598803309.3636,,,,,,,13136662.909091,977677.45454545,,,65296631.136364,,4956433.5454545,,,,315093959.0,,,,,,
373,2015-03-26,,,,,,,,25816037.166667003,,,,,,,,,,,,,,,,,
290,2015-03-29,,3525163310.9,,,,,,21912585.4,12392388.0,821871.35,,,63317429.3,,5995457.45,,,,271610361.55,,,,,,
383,2015-04-02,,,,,,,,,,,,,,,,2475658.9285714,,,,,,,,,
291,2015-04-09,,3243588293.9091,,,,,,16470391.181818,10884417.909091,710069.81818182,,,55275943.636364,,5125429.363636401,1562184.0,,,264176497.18182,,,,,,
292,2015-04-20,,3223472697.1818,,,,,,16272412.95,10345964.272727,902118.0,,,53901027.65,,4106766.9090909,1293756.5454546001,,,251692131.18182,,,,,,
293,2015-05-01,,3359519235.2727,,,,,,14884568.545455,9121555.9545455,877109.5,,,55425595.909091,,3651478.5,1362387.6818181998,,,247969375.04545,,,,,,
294,2015-05-12,,3349027902.4545,,,,,,15346523.545455,11817169.363636,750983.81818182,,,56836354.090909,,4019271.5454546,1509632.1818181998,,,208434548.90908998,,,,,,
295,2015-05-23,,3350055616.9091,,,,,,15049990.727273,15798464.363635998,905538.27272727,,,70730390.272727,,3586716.6363636004,1654274.4545453999,,,237253424.54545,,,,,,
296,2015-06-04,,3202903507.5,,,,,,14966585.5,15184666.5,879904.5,,,66442622.0,,3690641.5,1569816.0,,,253571675.5,,,,,,
297,2015-06-14,,3478532740.7143,,,,,,15684963.571429001,19923995.428571,990169.71428571,,,113191363.0,,4290930.571428601,1432535.1428571,,,331990017.71428996,,,,,,
298,2015-06-25,,3626588917.1818,,,,,,15814120.0,19474860.727273002,1263032.3636363999,,,142626627.45455,,4116602.0,1349847.8181818002,,,359190214.0,,,,,,
299,2015-07-06,,4056151063.7273,,,,,,19443842.636364,19572474.454545002,2115363.6363636004,,,214653318.63636002,,4526656.2727272995,1353340.6363636001,,,288943392.72727,,,,,,
300,2015-07-17,,4039736300.2727,,,,,,20520168.272726998,17947144.272726998,2522597.2727273,,,166048587.90908998,,4797513.2727272995,1413784.6363636001,,,251932083.54545,,,,,,
301,2015-07-28,,4107631392.0,,,,,,20371907.909091,17882051.636364,2863967.2727273,,,183024070.63636002,,5320351.8181818,1409142.2727273002,,,265614267.45455,,,,,,
302,2015-08-08,,3835604163.2727,,,,,,17400160.727273002,15860691.636364002,49780803.818182,,,166302214.0,,5674080.909090901,1171850.7272726998,,,268296065.18182,,,,,,
303,2015-08-19,,3313255328.1818,,,,,,14894514.636364002,13489367.0,91623704.636364,,,134553225.18182,,4696536.7272727005,877324.63636364,,,244689472.45455,,,,,,
304,2015-08-30,,3397577669.9091,,,,,,14211961.636364002,13031979.090909,94416884.363636,,,120459419.0,,4383228.0909091,850616.90909091,,,252818047.36363998,,,,,,
305,2015-09-10,,3416132124.7273,,,,,,13788611.818182,12837847.090909,70297932.09090899,,,122035443.90909,,4565839.363636401,862660.09090909,,,252550314.54545,,,,,,
306,2015-09-21,,3411550328.375,,,,,,13812481.0,12557757.625,56407664.75,,,124253814.5,,4205211.0,1185094.625,,,211679246.75,,,,,,
307,2015-10-02,,3552343444.0909,,,,,,13492161.0,12115443.454545,47732027.636364,,,130370536.45455,,3808723.8181818,1117018.6363636001,,,171249509.45455,,,,,,
308,2015-10-13,,3870847720.2727,,,,,,13921142.545455,12082593.0,38786958.545455,,,132444679.63636,,3858421.6363636004,1077826.0909091,,,169391076.81818,,,,,,
309,2015-10-24,,4593389152.1818,,,,,,13914402.363635998,13338117.0,64491565.81818199,,,150868448.54545,,4140920.0,1196184.2727273002,,,158353554.54545,,,,,,
387,2015-10-31,,,,,,,,,,,,,,,,,,,,,12684.25,,,,
310,2015-11-04,,5377099474.2727,,,,,,15106603.363635998,13950304.454545,67619265.272727,,,150858916.54545,,4507150.363636401,1269485.1818181998,,,152891249.63636002,,,,,,
388,2015-11-06,,,,,,,,,,,,,,,,,,,,,7674.0,,,,
311,2015-11-15,,4835714458.8182,,,,,,13329828.545455,13191638.0,70112630.272727,,,135853632.81818,,4099066.8181818,1006711.8181818001,,,140391357.72727,,,,,,
389,2015-11-16,,,,,,,,,,,,,,,,,,,,,14362.85714286,,,,
386,2015-11-24,,,,,,,,,,,,,,,,,,,,9050379.5,,,,,
312,2015-11-26,,5412740960.9091,,,,,,13350625.727273,13238826.909091,64412988.454545,,,151973412.0,,4073902.4545454,1038703.9090909001,,,146713043.27273,8770611.1818182,,,,,
390,2015-11-27,,,,,,,,,,,,,,,,,,,,,8425.0,,,,
313,2015-12-07,,6388621024.3636,,,,,,15346847.909091,14444135.181818,68111726.0,,,159100055.0,,4864807.1818182,1288938.2727273002,,,246392894.18182,9802375.5454545,,,,,
391,2015-12-10,,,,,,,,,,,,,,,,,,,,,6046.33333333,,,,
314,2015-12-18,,6677274080.8182,,,,,,15987061.0,15035516.909091,67247257.272727,,,156839526.54545,,5027331.8181818,1600663.0909091001,,,210126360.36363998,8583783.7272727,,,,,
392,2015-12-25,,,,,,,,,,,,,,,,,,,,,5971.0,,,,
315,2015-12-29,,6412661983.0,,,,,,20139602.333332997,15180181.333332999,68022552.333333,,,152209857.33333,,4737692.3333333,1376883.0,,,209570990.66667,8497365.0,3350.5,,,,
316,2016-01-01,,6594377720.9,,,,,,20287828.8,15503968.0,72921529.3,,,153979264.6,,5398514.2,1836785.7,,,201169671.7,8384895.0,2643.0,,,,
317,2016-01-11,,6165809375.7273,,,,,,23253225.909091,16750044.0,96580283.272727,,,143753446.63636002,,5267441.909090901,3063486.2727273,,,183558457.81818,8473650.3636364,,,,,
318,2016-01-22,,5844794923.2727,,,,,,26651558.363636,26912693.636364,172515847.45455,,,138142032.72727,,5978126.1818182,3889605.2727272995,,,194580501.45455,8640143.3636364,,,,,
319,2016-02-02,,5733507634.9091,,,,,,25502129.272726998,29767123.0,253434104.90908998,,,137371501.18182,,5456989.1818182,5346446.7272727005,,,256754616.45455,9017549.5454545,,,,,
320,2016-02-13,,6340761474.1818,,,,,,23529148.454545002,29995328.272727,375559156.81817997,,,146722674.36363998,,8847751.727272699,5299935.5454545,,,281229513.36364,10506197.545455,,,,,
321,2016-02-24,,6507598815.6364,,,,,,25536705.909091,26283989.818182,553497657.18182,,,150904878.09091002,,9861908.3636364,5772723.5454545,,,273233227.63636,9344612.0,,,,,
322,2016-03-06,,6329724172.6364,,,,,,31871103.0,23940663.545454998,918610076.7272699,,,147068832.90908998,,12867425.0,12037694.727273,,,281162032.72727,11548790.363636,,,,,
323,2016-03-17,,6384144126.6364,,,,,,40351358.0,22335914.909091,877088438.90909,,,145558760.36363998,,16112394.818182,11468536.363636,,,279412797.27273,11411176.090909,,,,,
324,2016-03-28,,6481327566.9091,,,,,,44451916.363636,23170188.181818,893398583.6363599,,,147135436.36363998,,17230039.272726998,13148190.0,,,258285502.27273,11620349.818182,,,,,
325,2016-04-08,,6557428565.8182,,,,,,41177851.818182,22971800.272726998,693966285.81818,,,147386817.45455,,12681082.181818,12946442.727273,,,217718516.18182,10667203.272727,,,,,
326,2016-04-19,,6926536316.0,,,,,,40317672.909090996,23402108.818182,637325346.45455,,,160287068.72727,,11620088.363636,14188287.272727,,,248671439.81818,10405890.272727,,,,,
327,2016-04-30,,7019124495.0,,,,,,43183788.727272995,23384885.454545002,736929764.72727,,,173938350.45455,,10578120.454545,14000760.0,,,227480634.0,10127716.545455,,,,,
328,2016-05-11,,7033241677.6364,,,,,,46809432.272727005,23907164.363636,919672433.1818199,,,180677045.81818,,10183402.0,13788024.545455,,,212320334.18182,9535138.3636364,,,,,
329,2016-05-22,,7528740249.0,,,,,,51700126.0,23999544.818182,1034669763.7273,,,199959461.36363998,,10947419.545455,15104307.272727,,,201839633.27273,8495661.909090899,,,,,
330,2016-06-02,,8997595782.7273,,,,,,51430019.363636,25656672.545454998,1131904699.7273,,,222955114.09091002,,12352485.727273,17803513.636364,,,201390302.90908998,8389973.0,,,,,
395,2016-06-04,,,,,,,,,,,,,,,,,,,,,,2951591.0,,,
331,2016-06-13,,11037681862.545,,,,,,52778182.818182,32914193.636364,1261283523.0909,,,240571639.09091002,,19118716.181818,31559391.818182,,,227762540.72727,9352939.0,,5406134.2727272995,,,
332,2016-06-24,,10413956362.909,,,,,,46184769.909090996,30767528.363636,1058820816.2727,,,196979324.90908998,,19671886.272726998,84530700.0,,,237359807.54545,10994857.909091,,5951611.7272727005,,,
333,2016-07-05,,10341035417.636,,,,,,49086454.272727005,28661783.818182,880797087.7272699,,,195839664.09091002,,23637644.636364,78368890.90909101,,,232644069.45455,10294620.727273,,6224392.909090901,,,
334,2016-07-16,,10468550131.0,,,,,,57497334.636364,26123112.818182,1034513212.6364,,,192189205.45455,,23390860.0,64999644.545455,,,226267545.36363998,10987076.545455,,6951596.7272727005,,,
377,2016-07-25,,,,,,,,,,,66577611.0,,,,,,,,,,,,,,
335,2016-07-27,,9691200073.9091,,,,,,62905172.909091,23910041.363636,954342869.8181801,174233801.81818,,181432987.63636002,,22369972.454545002,54784448.181818,,,212290053.0,10791841.818182,,6951436.8181818,,,
336,2016-08-07,,9219903218.6364,,,,,,77197627.54545501,25454403.454545002,950611678.90909,165987306.72727,,174404561.81818,,25261045.909091,52931749.090909004,,,217186897.81818,10863872.727273,,6881462.0,,,
337,2016-08-18,,9148913352.0,,,,,,88284572.636364,24742467.272726998,925079070.0,131277270.09091,,175522605.18182,,45977334.818182,55437700.909091,,,215370175.63636002,10853111.363636,,6951591.0,,,
338,2016-08-29,,9333432526.0909,,,,,,77159338.636364,24777255.363636,970581071.3636401,113709224.0,,183687506.18182,,134602293.81818,51175726.363636,,,211193528.81818,10672396.909091,,6951591.0,,,
339,2016-09-09,,9716538584.1818,,,,,,80024673.636364,24464523.545454998,1013436741.0,112232434.27273001,,185072729.81818,,137280001.18182,50582340.0,,,226017345.27273,11680738.363636,,6952626.0,,,
340,2016-09-20,,9576689037.1818,,,,,,77976763.0,24379045.454545002,1119045973.3636,104295019.27273001,,182483270.36363998,,129148638.54545,44998183.636364,,,271246096.36364,14594698.545455,,6951582.7272727005,,,
341,2016-10-01,,9790858996.0909,,,,,,80544607.727273,24516397.272726998,1087440226.0909,100197119.63636,,183702343.81818,,95665434.54545501,37737180.0,,,350038693.45455,16071684.818182,,6951588.4545455,,,
342,2016-10-12,,10146230880.364,,,,,,74589094.09090899,23743463.909091,1026515258.4545,88253997.727273,,188183136.09091002,,88270927.18181801,35556741.818182,,,297811220.45455,16906419.727273002,,6951590.1818182,,,
343,2016-10-23,,10952456108.0,,,,,,64666702.636364,23582191.272726998,968200901.8181801,83111004.90909101,,192347044.09091002,,76961408.18181801,34150770.0,,,302862848.45455,15044956.454545,,6951589.9090909,,,
344,2016-11-03,,11381237214.636002,,,,,,64820467.909091,24211352.909091,914188475.6363599,79977639.272727,,186799550.63636002,,77168626.54545501,36450900.0,,,290733511.81817997,13447140.0,,6951585.9090909,,,
345,2016-11-14,,11763433023.0,,,,,,61804538.454545,23652288.454545002,851809568.6363599,75262382.81818199,,191291426.27273,,96390490.18181801,35936754.545455,,,276384457.90909,12274206.909091,,6951590.0,,,
346,2016-11-25,,12019404796.583,,,,,,61409494.18181801,22842356.597774,735757246.6482099,67142038.88937901,,189922365.87235,,107913386.90909,32618986.363636,,,246525916.09932002,11133612.183975,,6951684.7272727005,,,
347,2016-12-06,,12392498603.702,,,,,,62918535.727272995,22900347.212104,703201467.62357,78323462.455291,,177194501.31561002,,107736553.09091,30011481.818182,,,243661825.68457,15781310.950151999,,6951602.6363636,,,
348,2016-12-17,,13617547280.123999,,,,,,69038015.90909101,23385981.470822,657879881.28162,94694084.838768,,193445030.40518,,124091713.45455,32769859.090909004,,,231558758.49751002,19063824.306413002,,6951703.4545455,,,
349,2016-12-28,,15356868047.347,,,,,,74051073.5,23881325.664695002,695293763.04909,115651707.65536001,,219814914.76088998,,177011571.25,31946895.0,,,228437558.61989,17027458.609873,,7701778.75,,,
350,2017-01-01,,15730456253.698,,,,,,89245773.5,23767630.416495003,857109748.9002299,131050730.3837,,213875080.82926002,,202927915.26126,31577688.0,,,230326889.43043998,17113777.062732,,12451714.4,,,
351,2017-01-11,,13748138519.698,,,,,,93064102.45454499,22124327.699135,885142354.16935,108036888.29337,,194472501.39705,,160186379.95958,32273869.090909004,,,246309106.4012,16650074.425239002,,14951788.0,,,
352,2017-01-22,,14907263666.495,,,,,,107208378.0,21937951.189245,938295883.98884,117929200.16863,,191912892.83359,,171493941.29823998,42329380.909090996,,,239883249.2219,15680189.009413,,15861422.272727,,,
353,2017-02-02,,16562325122.187,,,,,,120193113.54545,22155323.760818,997705049.4075,120650592.5465,,197818544.52522,,174923308.13883,59366029.090909,,,239773102.18394,16060448.740769,,24951282.454545002,,,
354,2017-02-13,,16923859500.106,,,,,,143234961.0,21373990.645862,1115096909.9398,107956373.23846,,188485262.84513,,177883568.60408,60637982.727272995,,,222204419.81754,14442108.32529,,24952486.272726998,,,
355,2017-02-24,,19599666106.939,,,,,,252194308.54545,21103306.80237,1476046705.841,116231479.92338,,192216044.18388999,,179177712.68839,72874742.727273,,,218484378.68014,12765630.549736999,,24950940.909091,,,
356,2017-03-07,,19459116946.339,,,,,,479839033.54545,22979455.887231,2335173978.7073,138169903.86681002,,196113165.40431002,,231469914.82256,93290023.636364,,,235580932.17941,13318596.51751,,34042474.636364,,,
357,2017-03-18,,16653870530.385,,,,,,704180627.6363599,26302791.03245,4130272702.0276,195025778.98707,,201995823.62026998,,296360546.7778,124627418.18181999,,,305750537.43824,14428000.417003,,44952111.272727005,,,
358,2017-03-29,,17945763750.271,,,,,,507067586.45455,42513327.643346995,4318059430.5399,235730546.23782003,,388651651.14731,,286041506.5612,148079781.81818,,,1021257961.5564,20157604.243825,,54015206.931818,,,
359,2017-04-09,,19358422867.871002,,,,,,500782110.39714,45009375.321059994,4249609114.5892,238906032.86949,,502393101.67047995,,300302888.56633997,210111709.09091002,,,1268998637.2231,29078738.257408,,51430816.414327,,,
360,2017-04-20,,20561159303.834,,,,,,544145596.6579599,60890599.669409,5003058643.229,376439642.75342,,688752612.5413799,,296779846.56277996,344401445.45455,,,1368510465.3138,36745903.299482,,54274572.165918,,,
361,2017-05-01,,25936402807.467003,,,,,,685806493.5400901,109650307.00056,8045366202.2133,609384888.06937,,1272585533.3503,,393037382.18374,748009577.66529,,,4342259940.9131,187900969.11192,,59888574.767409,,,
362,2017-05-12,,30707316309.864,,,,,,675766767.54106,169567947.73066002,9939531949.701,618012330.7020099,,1374608259.7842,,435426066.04487,1517921181.8182,,,11448882795.831999,445602676.05104005,,61346288.606864,,,
363,2017-05-23,,37601226762.729,,,,,,931424720.63675,304880316.95893997,17804249728.615,1434930482.7622,,1402824332.679,,614241636.76253,1958154613.6364,,,10283266856.309,399555743.84809,,92109860.54518199,,,
393,2017-05-30,,,,,,,,,,,,,,,,,,,,,,,,,
364,2017-06-03,,44840390312.757996,,,,,,1133353560.9008,363891109.11381,26440970168.166,1660785992.6542,,1524771633.3092,,746959953.48971,1969147474.8024,,,10860185540.938,424737912.51179,,116907944.79841001,,,
378,2017-06-13,,,,,,,,,,,,1499255008.625,,,,,,,,,,,,,
365,2017-06-14,,42919059394.411,,,,,,1330994799.3136,332002450.44357,32939579537.807003,1809986617.1889,1235449640.497,2172046585.4116,,714810416.86474,1774874266.3427,,,10954250345.864,378305062.72127,,135443760.64064,,,
366,2017-06-25,,41523977302.263,,,,,,1308170997.9109,275308218.38006,26687914290.322002,1662222918.2535,1118478793.9893,2249172439.3937,,648799044.96719,1501777278.083,,,10289501762.033,288661021.07931,,187190357.14587,,,
367,2017-07-06,,44341577579.697,,,,,,1332581366.3279,218985957.87082,20502063493.373,1514774634.6339,687008278.49497,2411255602.1189,,595795164.75436,1231306520.5592,,,8019559143.6792,196790814.32393998,,250455659.76292998,,,
0,2017-07-14,,,,,,,,,,,,,,,,,,,,,,,,,
1,2017-07-17,10680988.722762,46911208785.997,,,,,,1353320467.1356,199979880.34818,19843092179.089,1440030204.3019,736182242.5113599,2266223395.876,,591811386.4071599,1326927320.4545,379652786.45833,,6901189413.2007,209849489.35227,,312906149.7419,,,
2,2017-07-28,11164123.87555,45938784659.743,,,,,,1380615566.6149,195432166.40381002,20789344452.792,1370613910.9695,897702137.01515,2241637263.8256,,658129271.67536,1802170636.3636,490739952.65152,,6628178011.3328,206978583.84071,,319849754.41095,,,
368,2017-08-01,,,4901802403.2033,,,,,,,,,,,,,,,,,,,,,,
3,2017-08-08,87793888.589365,63962361565.516,5516510796.9633,,,,,1566760583.5525,194152360.64438,28061082641.947002,1367236976.4694,2120915844.6136,2413274424.0773,,734755601.15377,2404346420.4545,1776889545.4545,,6586957062.6245,218447814.56803998,,319852985.42823,,,
4,2017-08-19,234042428.79239,62202709871.632996,10917082029.729,,,,,2373343118.2766,189938388.14763,31323750267.715,1416864260.6736,2468122384.1917,2733697463.8145,,1457864585.0172,2380372197.6285,1909518508.7286,,7905539355.8685,218413920.42058,,320146395.19975,,,
380,2017-08-28,,,,,,,,,,,,,,,,,,,,,,,,,
5,2017-08-30,152810031.86343,71055324008.94,9691143202.4502,,,,,2620601617.8799,225681017.36252,31984677426.224,1698064360.7277,1957185312.3561,3817609636.1497,,1862581995.0871,2665834673.5537,1394438443.5262,,8573952560.4846,314066507.87533,,358566521.11189,,,
6,2017-09-10,85882220.395512,67453194437.376,7869726755.4418,,,,,2349372535.3562,121877487.89788,25970769091.653,1213021826.1337,1455509332.2439,2945309489.5271,,1555202974.3035,2053469087.5,1003467508.4397,,7388581731.7459,226100515.07052,,425032364.16289,,,
371,2017-09-20,,,,,,54566925.0,,,,,,,,,,,,,,,,,,,
7,2017-09-21,99145122.461284,68746715956.52,7265331211.0986,,,80522240.500898,,2569088972.2988,110157214.93396999,27135762989.898,1120983593.5643,1538906629.7739,2761905858.9122,,1417430517.6757,2044289115.0,1254938667.0006,,7145865746.4894,207035898.93205,,437906246.57234,,,
396,2017-09-27,,,,,,,,,,,,,,,,,,,,,,,,19479656.510417003,
370,2017-10-01,,,,,,,,,,,,,,,,,,,,,,,,,
8,2017-10-02,154311335.63489,76639688007.136,5964695544.4195,,549541496.29697,142808601.78107,,2297537848.8775,110189093.74455,28583906322.687,1140901866.5915,1442428493.275,2774511317.1347,,1362503762.5246,1933677572.7273,1620900297.0278,,9118171406.5724,275779578.68666,,437027027.4037,,134666010.63667,
9,2017-10-13,133793980.64593,97464517781.858,5414449245.1383,,738900562.4356099,120314370.21495,,2269233455.3375,112473580.41561002,30048832633.424,1106811329.7545,1230222805.7119,3219401014.017,,1389482459.4122,1911589056.8182,1425317626.809,,8955319233.5966,483070015.9275,,437520619.19398,,141994836.23106,
10,2017-10-24,124285574.74713,105902776759.41,7323707544.827,,682940263.21894,73159427.194592,,2177994220.8853,117607740.08291002,28094790282.177998,1023564677.2769,1165300073.2792,2996927997.5116,,1335726760.8268,1735043522.7273,1598298424.1941,,7806186685.0742,531708523.21242005,,444534326.97365,,177973089.90236002,
11,2017-11-04,167006550.50906,121449434286.32,14955722838.838999,,648161442.91667,64912319.040627,,2608492801.6573,128628439.06148998,29254249762.337,1456903512.5812,1375944744.745,3277694509.1227,,1706604277.5461,1699175958.5134,1837948604.4614,,7905424788.0243,517483469.51607996,,530417491.79705,,143595993.1393,
12,2017-11-15,160546736.55755,133195477043.64,21556828079.452,,718638242.95833,58768293.291,,3804618267.5046,167872722.73223,35432791487.562004,1792147718.7206,2325818032.9308,3807505949.1344,,2160588863.8433,1828389514.5431,2321552824.3611,,8928247310.14,674464047.2678901,,657746669.57953,,140412756.53684,
381,2017-11-20,,,,,,,,,,,,,,,,,,,,,,,,,
13,2017-11-26,209079402.06038,179769245439.14,25089685568.365,,2791698526.31,71994888.513745,,5372408597.2999,241693320.30417997,42976907402.073,2501461225.0066,5255173925.8336,5162419794.3434,,3068611664.9001,2238665851.3425,2459362818.4311,,9636839513.3037,1484862168.363,,776744735.6715701,,145190909.90126002,
14,2017-12-07,321604958.42425,301825200593.57,26110565825.461002,,4826264535.9281,98212250.680733,,6575828840.5032,371769656.55025,54936134023.335,2879960489.4723,11366438384.79,12697516130.748001,,4796009340.8038,4492945437.7414,2766282469.7719,,17569658388.52,2913621636.8847,,920071270.8188301,,807038978.82251,
15,2017-12-18,615340766.9871299,287046747352.38,46794924547.255,,11639998222.343,166508948.3346,,9743762856.7312,838687477.41228,76021325768.179,3224724360.9436,11680719403.564,17200415833.346,,6252443970.8846,8582917149.8257,4398288250.6416,,40146112932.262,4255064362.9624,,1244674535.4482,,2662670308.9932,
16,2017-12-29,822202911.1351099,257939953246.42,43342987727.822,,16402382115.449,183467875.07378998,,9008762989.9378,963978623.32728,81418254436.182,2635090123.9108,10037989042.489,14095942085.859,,5721240390.2455,9226365159.0458,4655034311.6242,,76507651017.318,5555368280.7643,,1410606365.5827,,2436988400.4629,
17,2018-01-01,1373069864.565,262076217007.67,43494420709.131004,,24132749931.249,347030334.13586,,9200210332.5443,1367925712.7647,101652992226.12,3503080634.0674,10955591065.351,14245930169.63,,6341509371.1104,13760737190.427,6546475196.1584,,104698154738.01,11686669834.747,,1438081526.6287,,8898123816.684,
18,2018-01-11,1742600192.9015,214692465622.16,36825678730.743996,,18529289600.166,327489854.0551,,7274642802.6542,1098638108.7758,113341226264.8,3437696469.403,8913281284.0509,11801646364.113,966381554.97716,5740839874.6547,11079531346.267,9080296345.2133,,64514775920.874,9837129324.179,,1557774274.7251,,5728642775.135,
19,2018-01-22,1252552393.7825,184267041327.51,27131796105.403,,15206675381.506,254843466.65575,,5918606919.3458,772605031.27707,105517836261.74,2913219148.862,6693865607.0411,9670260715.7459,888071234.27023,4808395703.4616,8167010850.9681,9036790477.7206,,48692252044.412994,9937162488.5275,,1829957441.6555,,4231193328.3434,
20,2018-02-02,859302008.87638,139240893206.31,19525673613.826,,9613173300.4527,149137414.3429,,4491327546.9065,520287618.11302,81448395191.886,2201919077.6945,4871134851.5133,7999423774.0327,634915906.37704,3575633508.8366,4960374698.6781,7029059718.7666,,33880881422.227,6969969396.2904,,2224245186.4076,,2622197386.2622,
21,2018-02-13,1015974308.1733,173823798503.69,23765708529.315,,9905618745.7906,228201343.27042997,,5361055541.0311,759201525.05854,88412967429.17801,3541007318.1958,5435998266.348,11790512117.865,670955719.11805,4603058387.7939,4714508740.0008,8105613291.824,,42474084674.481,7907101632.0099,,2225677752.6347,,3112022353.3409,
22,2018-02-24,995896070.7760099,181232096639.25,21142723998.054,,8085735708.9821,227423727.21247998,,4785832342.8026,664510333.68179,84110089285.69,3290116008.5488,5214826579.8706,11742951331.741999,626023756.0367401,5003181750.2657,3501351667.7505,8083478778.2678,,36854496483.522995,6469652334.5838,,2218978730.7076,,2962430706.9891,
23,2018-03-07,864772789.14309,153300723490.71,17539855701.43,,5494127344.4999,167952204.07477,,3794257394.3733,443848947.96152,66963021155.923,2046343554.1292,3623869470.398,9769755616.1427,493497056.65035,4106703806.0938,3244849267.1964,5443685234.8068,,30581350148.477,5205792349.8805,220160.71163968,2224775302.5275,,2285229000.4031,
384,2018-03-08,,,,,,,,,,,,,,,,,,327955444.43798,,,,,,,
24,2018-03-18,1060824465.4299,143005706392.26,16477664750.952,,4680037503.6173,135008142.69187,,3197501283.4625,387179163.30505,51146088238.162,1813429733.4931,3587236315.3549,8722158015.3836,413678350.02357,3273835061.6127,2516878977.4406,4238813384.3123,368420669.30151004,25130423518.901,4306752782.2003,188452.74924548,2258604591.0683,,2590797749.1823,
25,2018-03-29,1306922391.1719,119027709332.21,11521534298.657,,3950636652.0961,100969077.58082,,2481769284.4801,319576691.4013,38513618821.623,1428204307.5914,2884846766.5405,6661637136.6433,315435781.81437004,2793004152.442,2038049429.5585,3191243884.2851,616506756.4498099,19752958595.26,3816100381.088,142805.51120318,2291459163.6158,,2445079235.4051,
26,2018-04-09,1434970860.1820002,130345675281.3,12698232372.426,,5393123589.6402,137061257.39688998,,2824555282.1099,465632378.21889,47399731930.355,1581362104.6359,3809869016.9689,7099761357.7712,421618745.29229,3054898801.8225,2689989248.3358,4094157644.3233,1025327803.5466,23896307745.131,4847219385.6397,147210.56247324,2282249054.8119,,2664766687.6341,
27,2018-04-20,1592480825.8657,153959115486.08,22489588715.512,,7925181624.3454,171573014.58813,,3847002392.4013,626365449.30678,64126068410.658,2061404698.8178,5534945074.5196,8498996536.8236,605391579.6594,4208184999.8471,3588665631.1308,5038988310.9304,661469489.98647,33749284371.491,7300589877.3109,244108.06226877,2345555564.2266,,4514590488.115,
28,2018-05-01,1596027123.1772,158827763578.57,26464768526.977997,,8809485811.9034,193212428.76218,,3736523634.3109,576962236.12711,73568016307.802,2233823865.8748,6341080072.1374,8935959629.6829,657693387.28756,3731943034.7839,3558963467.6521,5184320969.7497,1009407695.7774,32632812124.559,7505799664.5923,272004.94934467,2248207216.6515,,5490525053.042,
29,2018-05-12,1534056046.1515,143197267900.07,22298151973.369,,6633060322.9864,163187505.89035,,3238367056.3643,492483071.65717,69679961585.629,1822777656.0396,5099564029.2496,7812599420.083,566524828.6817,3217985285.0062,2918854701.9405,4055588833.1022,853538203.3328401,27210881608.252003,6225786812.6448,309407.39263331,2333554876.242,,4737723133.1583,
30,2018-05-23,1487838411.8526,127719129988.06,17243017195.952,,5345219393.8584,121632402.96346001,,2598414691.6898,396070536.57165,57648900919.267,1559264706.6858,4412199774.3425,6778099344.0718,471733375.27359,2612396691.1015,2290827863.8533,3448189168.5924,806502970.86762,23935613951.137997,5278757818.332,4964133.0269976,2506185587.5263,,4358369154.2304,
31,2018-06-03,1758689303.3853,125191602632.74,18140223022.43,,5184034046.931,104494357.52641,,2428011927.8726,400491882.06926,57423685137.482,1525702620.4358,4438902309.2683,6554604414.0843,464204297.94030994,2460548909.3174,2167019259.3695,3269519141.214,1102831693.3227,24983294699.974,5135825915.9813,11512510.942627,2523128501.7703,,3592382849.1837,
32,2018-06-14,1807655764.5073,111149010214.65,14441400392.247,,4058935214.0707,74518349.601715,,2086375443.0304,329146158.61756,50120252485.031,1527399032.7141,3166412155.6371,5343862871.9894,343397156.98384,1979152751.8619,1684229218.0543,2428731414.1531,909330483.31208,20582128551.408,4181190494.8927,9412077.8788516,2604938774.601,,2934525769.6408,
33,2018-06-25,1629808944.9466,108366401532.5,12666828069.816002,,3576803845.6738,71729758.738245,,1937770789.3705,290140418.7709,45379029245.11099,1626266825.4939,2907404045.7802,4652738686.6125,324025501.53393,2122952518.9814,1508031686.9645,2148647769.6717,784984477.95118,18507382953.55,3691730829.1047,8990124.3312277,2695716132.334,1144513477.4563,2546621091.8518,
34,2018-07-06,1484364986.2548,111293026961.97,12454291465.379,,3593606786.2543,76171942.821245,,1886474387.4289,284723519.02245,46012770462.807,1770885785.4276,2844652852.0953,4578935221.8904,376531425.22161,2085880506.3632,1539949454.3651,2291197027.0162,592520090.13467,17978598210.685,3818246708.2539,7524242.1161542,2659002264.4271,1235450423.4659,2298057087.7336,
35,2018-07-17,1240781000.6235,131354789549.88,14103028692.837,,4419382927.8168,80275920.174722,,2067698883.1863,399188361.10752004,47508648200.965,1734297964.4086,2830973102.7752,4931057911.735,420447734.01521003,2241846607.9311,1611797493.3812,2269912958.1174,527769697.13486,18263960188.395,5496985189.067,7392640.5073820995,2603114441.9839,1332745122.7411,2420373027.5556,
36,2018-07-28,1318409240.0802,130371921354.77,13005908742.609,,3664299755.0422,98363757.814953,,1788283838.5723,349380673.24541,43341572516.528,1730020358.4726,2570043936.0753,4507825048.1154,393779547.47572005,2022652638.1084,1421508481.5333,1918928883.2120001,400784564.25262004,17167914064.735,5069104184.8974,5227306.422450701,2457784444.5596,1147536901.8696,2147129367.6574,
37,2018-08-08,1055004950.9661,109652849614.79,9691915525.0104,,2793956239.4705,94149272.21721801,,1345969303.4548,276332819.09735,32107595533.392002,1420479139.9728,1483701016.9864,3406731170.4415,304698451.05022997,1533674966.4572,1004149171.1044,1221960302.2558,254152830.12579,12267076900.567,4131241813.2136,4146151.8445387003,2469432991.6548,869528501.66527,1456681995.2265,
38,2018-08-19,973142254.4010401,114694499228.23,9342032614.2581,,2504702932.4473,111563640.53838001,,1269175776.6756,283778052.5802,28805856449.887997,1325601294.5836,1578580602.8264,3350840751.06,292233262.41496,1573181488.793,935721076.93753,1200097928.7911,404811457.09238,13151691162.411999,4141137126.4075,3529390.6908536004,2787080211.4697,827377993.46793,1473717023.0109,
39,2018-08-30,1015372744.7284,118753506833.68,9656701971.1324,,2475340960.1357,101703281.2765,,1634087221.4465,597157497.5278901,26371381474.595,1320816029.0996,1819845459.9919,3544100412.5340004,289687208.51645,1918028026.3834,962900820.53269,1349549877.3066,417177781.44629,12593805704.523,4041309706.9852,3986271.0576277003,2772543792.0012,805178715.27956,1534017499.9637,
40,2018-09-10,920308769.4683801,110578756696.35,7715161571.7611,,1800906500.3571,98518527.365061,,1585636604.9605,718373129.90731,20861045321.604,1145377106.8439,1549993183.2649,3165409156.7473,273901830.67647004,1823454077.9926,804118748.05703,1152716337.2375,328727943.87166,11573340432.188,3803062503.8592,3696425.7421596,2756422577.323,874934811.84779,1279322109.59,
41,2018-09-21,1136554455.3632,114120643985.88,8732299745.5308,,2174923141.2460003,117715513.98181,,1610371073.6715,675115875.47339,23373380303.495,1179966864.8392,1594002604.6873,3498324218.6586,334140008.17932004,1934787182.8389,865500640.72457,1218919484.4962,359643527.21671003,21652007665.743,4786541368.2039,3208236.1016637995,2803427634.6275,924001971.61929,1461238592.4482,
42,2018-10-02,1201213982.7257,113084030590.43,8795301741.32,,2114948913.681,115709266.07677,,1480156482.235,648256339.68365,22574722647.924,1128133934.2235,1552138660.6601,3365492022.2218,448342869.07550997,1846092730.4049,928984545.84664,1154175798.9504,385860069.08421004,19529289596.918,4513638335.7814,2988581.8592483997,2764004621.587,801568273.02116,1557274001.4307,
397,2018-10-08,,,,,,,,,,,,,,,,,,,,,,,,,
43,2018-10-13,1233470000.389,112231021815.39,7796052114.712,,1951090039.3799,127489046.21505,,1321872897.2993,548077551.4625701,21023363942.586002,1021343522.6925,1380207753.4413,3135459016.8454,484950018.161,1726570745.9729,862259420.37469,1067681288.5699,376329394.01435,17967782100.823997,4407769492.3186,2575781.8776946,2196292969.3771,815064083.27082,1587150523.3142,26576253.180478
44,2018-10-24,1252649898.2595,111315559674.15,7608100271.6271,,1865618831.6469,160521617.11863,,1299559682.3147,453305895.82115996,20691221402.365,987302788.1,1323057191.6678,3010197484.6739,461282947.84275997,1725234788.9671,838105377.76189,1036574725.089,352839299.87343997,18255874046.628002,4358996397.9831,2323112.5772033,1858658014.8411,803472624.6499,1505387328.7131,120176959.46292
45,2018-11-04,1244946491.8112,111052134841.39,9627082991.8142,,1961446913.0291,180952175.44146,,1371563348.5443,387304364.75399,21616848460.073,988653701.7416301,1359769899.8192,3080761566.2325,483880305.17380995,1774143314.8476,877530112.65458,1041216301.7725,339924044.80833,20218965777.408,4851741615.7648,2589008.0086093997,1738986540.7238,789510308.38111,1509428052.617,135712071.98538
369,2018-11-09,,,,,,,,,,,,,,,,,,,,,,,,,
46,2018-11-15,875016666.37378,85308030507.965,4889050728.9182,,1346889379.2139,144919300.07143,,985360747.7036301,289947433.51219,15374445477.91,671029498.0393901,978389047.6583,2185824780.1777,339190764.77264,1243756419.5688,763365181.7250099,674347633.4474599,332953106.12479,18154656475.451,4059307455.7070003,1099384.4155535998,1747732220.6736,506928691.36764,1053493935.0356,154419785.78265
47,2018-11-26,697004798.25194,69368049942.316,3004135490.4,,1004001660.1417,106407974.87866,,751960136.56872,254397194.06412998,11606127452.205,492422356.86059004,775982405.35704,1879384254.9041,271601765.05359,948059864.87104,686213681.79349,495062552.70778,224352789.45413,14617427139.857,2941530356.5326,888159.2768319,1830087575.9911,304369057.44026,926897734.2358801,175418031.89582
48,2018-12-07,612161850.23369,58679932040.728,1653034785.9537,1363987817.6968,771131104.26878,75721958.200328,,547026300.52016,245579925.32716,9158045281.5833,402231023.39895,619813587.53106,1465891024.3692,303107784.74571,712136807.35027,602760236.01753,384591086.87027997,150470705.96615,12222912058.601002,2094809118.0385,715138.00011942,1834393617.8981,236069636.78285,869279874.69585,190658962.88333002
49,2018-12-18,730205882.8307201,66516210068.33401,2895418433.0317,1701285697.214,1021502805.4163,102933362.22777,,701340841.96373,289938020.63035,12259712337.463999,504521572.90803,893457309.4943199,1836312845.5091,318947136.43768,822808914.63181,627830374.7382901,468608521.61607003,193322520.92388,14902119227.278,2286319235.6786,772032.10550831,1832470246.2926,294399952.18371004,1244899579.0796,220923217.99135
50,2018-12-29,775466751.9074,66378376779.476,2838297713.3183,1535989657.3651,1085465980.6087,103933870.6849,,691700683.35346,275407744.15762,14153370751.421001,559531823.86135,975984554.96063,1870285700.67,335001740.89403,794257954.53373,599839107.1704099,507874671.88698,176632094.47746998,14882384521.886002,2233802583.1722,642258.91045545,1864477482.1932,295931140.24795,1315969447.6911,242333219.3068
51,2019-01-01,807898949.7759299,67787188345.715,2806430294.5631,1545338223.5123,1188095470.4753,130004521.37761001,,691798753.4808099,267068289.27053,15480820521.411999,548298833.98506,1010800706.7889999,2095267869.3163,356060573.99497,843012623.17713,576853230.00517,532520004.08088,182139805.3201,14691006416.58,2239915252.1002,688922.28758908,1866501740.4253,287198038.12416,1522790920.978,290321802.00478
52,2019-01-11,801492903.25539,63401132318.138,2264453866.3452,1363611105.6837,1131326596.309,163969121.88293,,609538831.70716,244219463.73266,12821672952.383001,471710077.36710995,840870565.88924,1900051053.5896,328697090.18991,751100742.7064,511284339.58807003,497871977.86679006,196865761.97379,13403996874.275,2031678532.0589,660045.70911942,1965856290.4202,256789920.51862997,1627690234.2417,343437855.38036
53,2019-01-22,831800735.91451,61225649160.198,2111540069.4597,1223900466.1739,1052204487.3453,159172319.48282,,597743723.28632,230827533.33694,11641494232.441002,444793642.09316,758381508.8787401,1910629774.8275,305501145.49046004,743834749.4555,450051328.63469005,470084908.90800005,186406275.79383,12658629500.58,1776391789.8259,653663.28072343,2007251819.4045,237819950.8637,1782399583.8233,319642464.50767004
54,2019-02-02,1072968015.3941,60502998851.73,2085558047.8945,1116548810.6762,996785234.5525699,144267658.64181998,,598587311.68587,218016795.83846998,11512046243.107,420071708.44481003,713679367.3848599,2233978808.9831,323096553.21128,742907919.8084201,339741899.60987,467578258.48515,174604394.08269,12237182805.331999,1478185297.3639998,591043.64902806,1972960028.4149,226644469.17937002,1706670521.4038,281091543.92658997
55,2019-02-13,1344707812.3348,64902005253.931,2299795897.6595,1123679394.1254,1104436114.6362,152776443.29282,,696402002.7536,232080054.44152,13895225063.838001,463846314.32127005,785473402.5023099,2725939899.7212,570405365.62851,809371725.34685,372691371.0547,542773576.47729,219842067.92341998,12699286948.029,1564651127.0677,663941.87890069,1971955523.3473,264027847.50045,1597259260.4251,240108291.3109
56,2019-02-24,1528565327.9634,66819090905.317,2297887414.6601,1161819706.4947,1098446597.0205,148655751.65837,,689939997.17468,229815984.31156,14264432301.596,463686731.66149,785452182.5333,2898453103.3706,671342723.9830401,804367433.21999,379644981.30527,576866675.2898,292776881.70483,12902305959.31,1613906682.6048,684176.98776242,1988440594.6217,249648197.10752,1553634932.0674,232538039.45044
57,2019-03-07,1516474838.8446,69026722934.48401,2380548738.616,1175863233.954,1216127737.1378,167775597.5369,,730291659.44503,242337602.35358998,14376156061.051,474663230.66648,799343410.90852,3494524945.3722,675315225.05784,831372095.64204,414495931.82433,587357984.0649201,371918532.39179,12991999678.747,1914021189.4944,629451.51034109,1988023197.6505,268890822.3499,1509291280.0447,240306799.1012
58,2019-03-18,2252830009.0478,71634504217.559,2862143231.4788,1169540323.6451,1515795107.8001,168122752.44053,,789533096.69699,247211671.73837003,14804359803.821001,522955369.86941,850319414.28713,3722797269.4136,746223995.34455,881103479.1682,456153146.78509,601736255.91562,609446494.78617,13031998430.375,2080496499.1577,675876.12156514,2007504228.6868,407413454.44398,1545805865.0723,246356200.09702998
59,2019-03-29,2588155242.7616,82769463431.147,4321979189.8011,1358484519.0014,2117685858.5955,192642665.42826998,,1038158950.4624,344557393.77252,16609844121.063,616189231.70594,941037211.3439801,4726578993.2098,757931788.83888,1042320165.656,624264429.78703,754660093.68178,713620168.12498,14031803827.348,2289003576.0653,959425.42742355,2054298930.8886,587577209.6243299,1732098998.835,253195424.07663998
60,2019-04-09,2701455080.8993,91416947253.441,5275206038.8907,1199873846.4453,2161758913.6252,181315387.64332,,1108342021.0035,342099823.90942997,17853363909.613,710854748.13525,891796733.4383099,4999221136.0406,651884446.5944201,1157003290.8045,630143312.76162,739843869.17991,671309968.52038,14023908206.061,2286779214.1238,1093277.829523,2357600833.4639997,667808093.79549,1819071448.7738,258992729.83029
61,2019-04-20,3222840325.5357,93410256060.715,4864938470.4564,966905833.28345,1848506441.2401,164128317.70879,,1017135944.6641,308636303.33149,17278623701.544,625622093.8075,783549616.33164,4511252774.5298,551797158.9367,1121063505.909,536914900.97729,648837530.56388,562956073.40818,12885939326.345,1997607422.6755,1036572.2644621,2685034133.3373,758675919.64797,1586988573.8595,263202635.77434
372,2019-04-22,,,,,,,,,,,,,,,,,,,,,,,,,
62,2019-05-01,3026955373.5663,103306579874.31,5048619074.1816,962413944.2516699,1716554118.7224,193706608.63631,,1010747268.5807,302802122.81038,17875212951.656998,631350331.36859,767053516.35623,4668622072.2405,521117303.1015,1108508933.8817,473091693.70567,600437693.73271,531192512.72695994,12629870394.491001,1837394858.1722,771926.8392368,2756055518.5749,728715552.53406,1562069244.1,303221904.22405
63,2019-05-12,3756603950.6416,137225518004.35,6912606637.4535,1245890719.1796,2144948353.3049,326784901.75159,,1269695010.2558,358417766.39738,24981582654.744,780133697.59875,1072377252.5421,5652260138.7422,643856044.63434,1391826435.7088,716382828.18068,726066476.36031,677450218.55069,16324749573.538,2432773515.5814,712448.97189663,2820622131.9617,957269198.6609801,1817439370.8188,350443740.55079
64,2019-05-23,4724969886.3157,149168066142.19,7613195358.481999,2557152043.22,2265345688.7245,404842304.47089,,1492331484.7722,380000988.64865,27854227418.468998,888628135.60997,1243520124.3491,6743149901.0604,726590551.26264,1535679654.8302,822328934.4560701,817099195.92453,710972929.8406099,17597793109.355,2554371541.6372,651332.77691128,3053101521.5487,945074851.2505801,2152621060.3777,354351635.14355
65,2019-06-03,4490282440.3022,141895606858.41,7093392613.8554,3638183554.7971,2255298203.8348,407557466.22038,1324704734.7312,1455010632.4011,365337839.64162004,26454803937.082,934975314.2651,1205011269.9152,7379945725.4903,731603935.7498,1515921755.4194,971749111.61589,847392512.18494,674067526.75141,17348196831.204,2438893453.8208,721158.11241479,3209192306.5657,778890371.85332,2192651607.2753,338767004.01125
66,2019-06-14,4977474519.4382,169850767429.61,7764383529.453,3966679755.3288,2395583618.1857,622231487.19535,1240504905.9487,1499257332.4478,375121171.43973,29906483170.051003,977018894.13359,1203380033.1352,8454693506.4323,723869546.46116,1718178454.9134,823138086.86552,1040153752.6354,727864139.81217,18658180274.566,2449446826.1027,820304.18128452,3485906698.5959997,740721232.4408599,2262930376.8804,343244173.38943
67,2019-06-25,4765290741.8076,205300112378.47,7713643494.2088,3743373733.8178,2315741195.3637,1113333477.6188,1110396017.7841,1551730037.8554,413073330.55013996,32527348070.86,910470198.04094,1183693468.3172,7770620415.6492,690141539.88041,1722226654.1276,883949911.1143199,1258737469.8532,741481221.13502,18038208581.275,2176799171.0067,796342.23046969,3569666242.3898,640990268.38233,2249780869.1483,359535080.08197004
68,2019-07-06,4399222619.6645,203648820588.4,6512842431.1263,3050997944.0084,1843222570.2266,1102629765.6556,877972612.52597,1422518564.1169,391121718.51467,29198752278.462,778895742.13581,1002047644.5627,6647095769.925,661397423.3168,1613089680.1961,722500244.70394,1065016848.4392,607433166.98937,15187527951.376999,1861224079.2589998,653360.99585658,3804079077.6957,660326119.17678,1986970109.1833,372150300.13819
69,2019-07-17,4187430477.3906,181108557618.97,5529872214.9957,2794698122.2305,1551494485.8539999,897914864.41418,757835767.4523901,1163221312.5116,363319417.34704,23422286941.126,681432502.6614599,843787321.05574,5950892626.6767,568707934.0905,1386209940.0548,615238687.28878,856609041.09747,527987711.07475996,13694962868.068,1724294049.4375,705141.05979216,4004042266.8179,616302759.12488,1677109388.1918,410064070.79372
70,2019-07-28,4300103970.2796,187028588609.71,5847748930.303,2646656734.6114,1490252610.3388,815841651.18388,686216866.8156099,1137902236.5918,341527433.64373,23322149133.33,670289590.7418799,782299893.62614,5898874921.3006,583760641.88775,1424733290.9523,572918508.04236,814422741.44058,516446285.3128,13479586144.265,1601858292.7141,759048.32337006,4020722073.617,795698832.5499799,1470153116.3928,426474338.73912
71,2019-08-08,4517612574.2502,196004065978.79,5785782202.7418,2503526165.5326,1299151340.6877,826160238.8256,599573432.6337,1112632101.1032,335756684.61505,21660552892.142,647414992.11349,692721459.75166,5164243296.4611,511994669.50895,1493246109.1615,512508326.8407,726926450.75771,445697213.18627,12277060592.452,1427101633.0877,905289.45169801,4050483289.682,795454090.9817,1291914127.8408,424364076.47802997
72,2019-08-19,4080799171.036,182397162622.32,5508033120.8646,2387584681.5144,1251503697.0489,760706765.16293,509611362.44005996,830024772.13858,314699980.69245,20234036293.299,749326266.8472,699218340.06925,4593116581.5086,512322806.0164,1359606388.1691,484993645.35853,679493106.26719,412955232.70628,11551620062.303999,1329777082.0782,897547.14164654,4047230712.5385,689806484.8355299,1154499167.8222,423990734.74497
73,2019-08-30,3453441243.9005,182904085010.53,5241405366.857,2365299684.5575,1168379321.9889998,629083596.42313,416484939.80106,747033042.11611,300537042.51067,18842687589.369,749981318.00921,672481267.44085,4227759047.9142,458207702.13017005,1245920874.3966,436241067.94607997,635430029.595,385006287.31328,11083938252.768,1208606324.0663,668697.06589288,4025408446.3537,629954873.71932,1025620934.366,446304736.74925995
74,2019-09-10,3295600954.6738,183912395914.32,5540638697.3355,2188132085.1282,1235605916.1466,591668937.6766701,592638993.12335,834775570.50589,307409112.70397,20862715543.557,716374632.6817,701148204.49458,4566309791.7971,501390886.48005,1277840244.6895,408481596.11798,652480733.17846,411839005.60064,11668895000.251999,1284501073.282,957262.41550591,4102181375.1533,626413987.0540401,1069774915.293,429626022.41257995
75,2019-09-21,2667737834.9202,157505885231.24,4478364187.6878,1701170672.6907,1086633769.6607,614140720.76175,474425492.616,715326712.6525,285821874.63613,19740294580.357,577893533.92496,756366100.73171,3826595420.9668,486841151.3517,1069692138.8396,383978180.42289,550007399.48065,352531092.23452,10990632608.956999,1234796481.7894,779113.89324443,4122165422.8574,573910054.64027,974015032.3704801,405533125.17752004
76,2019-10-02,2524082771.7054,149345113123.76,4100162099.0221,1517614301.0317,1044860173.0746,811254996.93116,525575783.92599005,662732375.01689,283385504.60702,19633357779.6,538277542.78734,772078575.01946,3610387580.5463,484410991.00479007,977545067.4158301,362025502.74396,529487784.25007004,337492117.3869,11415161384.405,1221828244.0735,,4116650959.0991,556104414.77843,1033582586.3571,463238799.29036
394,2019-10-09,,,,,,,,,,,,,,,,,,,,,783914485.70715,,,,
77,2019-10-13,2893285495.4842,151087184981.27,4107281189.4999,1580494011.4217,1071132906.0603,885625625.35005,567519027.16717,667792657.4168,311738373.68279,19914275078.19,538202095.72593,779373876.71111,3577860235.3049,517513548.75445,975421843.6207801,355645873.75962996,522425183.05408,343612755.67592996,12507818987.256,1278360605.0158,711301854.11618,4222231522.4382,557623874.01634,1090677215.4576,477235793.07275
